rationale_code,theme,interpretive_summary,decision_implication
GOVERNANCE_LAG,governance_capacity,Public systems often deploy technology before oversight capacity matures,Build accountability capacity before scale.
PROCUREMENT_REFORM,public_procurement,Procurement rules are an early leverage point for digital accountability,Use procurement standards as a governance tool.
IMPLEMENTATION_CAPACITY,institutional_capacity,Policy aspirations often fail because agencies lack staffing skills and budget,Assess feasibility and implementation capacity.
COMMUNITY_HARM,community_impact,Affected communities may experience harm before formal evaluation captures it,Include community knowledge and appeals.
DATA_GOVERNANCE,data_and_rights,Data governance determines whether public AI systems can be accountable,Create data rights audit and transparency rules.
INFRASTRUCTURE_ANALOGY,systems_infrastructure,Digital systems should be governed like public infrastructure when used for public decisions,Treat AI as civic infrastructure.
WORKER_IMPACT,labor_and_work,AI changes labor processes and accountability for frontline workers,Include worker protections and workflow review.
FORESIGHT_SIGNAL,foresight_monitoring,Early AI controversies function as weak signals of future governance stress,Create monitoring indicators and trigger reviews.
RIGHTS_RISK,civil_rights,High-risk public AI can create due-process and discrimination harms,Require civil-rights review and appeal mechanisms.
FUNDING_MODEL,finance_capacity,Accountability institutions require durable funding not only principles,Fund audit and oversight capacity.
SYSTEMIC_UNCERTAINTY,complexity,AI governance risk interacts with public trust law workforce and service access,Use scenarios and cross-domain review.
FUTURE_SKILLS,education_capacity,Public institutions need new skills to govern technical systems responsibly,Build public-interest technical education.
