"scenario_id","scenario_name","strategy_id","strategy_name","time_step","system_state","adaptive_capacity"
"S1","Baseline Continuity","T1","Efficiency Optimization",1,1.08,0.02
"S1","Baseline Continuity","T1","Efficiency Optimization",2,1.1421,0.0246
"S1","Baseline Continuity","T1","Efficiency Optimization",3,1.2088,0.0291
"S1","Baseline Continuity","T1","Efficiency Optimization",4,1.2801,0.0337
"S1","Baseline Continuity","T1","Efficiency Optimization",5,1.3559,0.0382
"S1","Baseline Continuity","T1","Efficiency Optimization",6,1.4362,0.0428
"S1","Baseline Continuity","T1","Efficiency Optimization",7,1.5211,0.0473
"S1","Baseline Continuity","T1","Efficiency Optimization",8,1.5806,0.0519
"S1","Baseline Continuity","T1","Efficiency Optimization",9,1.6746,0.0564
"S1","Baseline Continuity","T1","Efficiency Optimization",10,1.7731,0.061
"S1","Baseline Continuity","T1","Efficiency Optimization",11,1.8763,0.0655
"S1","Baseline Continuity","T1","Efficiency Optimization",12,1.9839,0.0701
"S1","Baseline Continuity","T1","Efficiency Optimization",13,2,0.0746
"S1","Baseline Continuity","T1","Efficiency Optimization",14,2,0.0792
"S1","Baseline Continuity","T1","Efficiency Optimization",15,2,0.0838
"S1","Baseline Continuity","T1","Efficiency Optimization",16,2,0.0883
"S1","Baseline Continuity","T1","Efficiency Optimization",17,2,0.0929
"S1","Baseline Continuity","T1","Efficiency Optimization",18,2,0.0974
"S1","Baseline Continuity","T1","Efficiency Optimization",19,2,0.102
"S1","Baseline Continuity","T1","Efficiency Optimization",20,2,0.1065
"S1","Baseline Continuity","T1","Efficiency Optimization",21,2,0.1111
"S1","Baseline Continuity","T1","Efficiency Optimization",22,2,0.1156
"S1","Baseline Continuity","T1","Efficiency Optimization",23,2,0.1202
"S1","Baseline Continuity","T1","Efficiency Optimization",24,2,0.1247
"S1","Baseline Continuity","T1","Efficiency Optimization",25,2,0.1293
"S1","Baseline Continuity","T1","Efficiency Optimization",26,2,0.1339
"S1","Baseline Continuity","T1","Efficiency Optimization",27,2,0.1384
"S1","Baseline Continuity","T1","Efficiency Optimization",28,2,0.143
"S1","Baseline Continuity","T1","Efficiency Optimization",29,2,0.1475
"S1","Baseline Continuity","T1","Efficiency Optimization",30,2,0.1521
"S1","Baseline Continuity","T1","Efficiency Optimization",31,2,0.1566
"S1","Baseline Continuity","T1","Efficiency Optimization",32,2,0.1612
"S1","Baseline Continuity","T1","Efficiency Optimization",33,2,0.1657
"S1","Baseline Continuity","T1","Efficiency Optimization",34,2,0.1703
"S1","Baseline Continuity","T1","Efficiency Optimization",35,2,0.1748
"S1","Baseline Continuity","T1","Efficiency Optimization",36,2,0.1794
"S1","Baseline Continuity","T1","Efficiency Optimization",37,2,0.1839
"S1","Baseline Continuity","T1","Efficiency Optimization",38,2,0.1885
"S1","Baseline Continuity","T1","Efficiency Optimization",39,2,0.1931
"S1","Baseline Continuity","T1","Efficiency Optimization",40,2,0.1976
"S1","Baseline Continuity","T2","Robust Resilience Portfolio",1,1.04,0.05
"S1","Baseline Continuity","T2","Robust Resilience Portfolio",2,1.1397,0.0572
"S1","Baseline Continuity","T2","Robust Resilience Portfolio",3,1.2467,0.0644
"S1","Baseline Continuity","T2","Robust Resilience Portfolio",4,1.3608,0.0716
"S1","Baseline Continuity","T2","Robust Resilience Portfolio",5,1.4821,0.0788
"S1","Baseline Continuity","T2","Robust Resilience Portfolio",6,1.6106,0.0859
"S1","Baseline Continuity","T2","Robust Resilience Portfolio",7,1.7463,0.0931
"S1","Baseline Continuity","T2","Robust Resilience Portfolio",8,1.8892,0.1003
"S1","Baseline Continuity","T2","Robust Resilience Portfolio",9,2,0.1075
"S1","Baseline Continuity","T2","Robust Resilience Portfolio",10,2,0.1147
"S1","Baseline Continuity","T2","Robust Resilience Portfolio",11,2,0.1219
"S1","Baseline Continuity","T2","Robust Resilience Portfolio",12,2,0.1291
"S1","Baseline Continuity","T2","Robust Resilience Portfolio",13,2,0.1363
"S1","Baseline Continuity","T2","Robust Resilience Portfolio",14,2,0.1434
"S1","Baseline Continuity","T2","Robust Resilience Portfolio",15,2,0.1506
"S1","Baseline Continuity","T2","Robust Resilience Portfolio",16,2,0.1578
"S1","Baseline Continuity","T2","Robust Resilience Portfolio",17,2,0.165
"S1","Baseline Continuity","T2","Robust Resilience Portfolio",18,2,0.1722
"S1","Baseline Continuity","T2","Robust Resilience Portfolio",19,2,0.1794
"S1","Baseline Continuity","T2","Robust Resilience Portfolio",20,2,0.1866
"S1","Baseline Continuity","T2","Robust Resilience Portfolio",21,2,0.1938
"S1","Baseline Continuity","T2","Robust Resilience Portfolio",22,2,0.2009
"S1","Baseline Continuity","T2","Robust Resilience Portfolio",23,2,0.2081
"S1","Baseline Continuity","T2","Robust Resilience Portfolio",24,2,0.2153
"S1","Baseline Continuity","T2","Robust Resilience Portfolio",25,2,0.2225
"S1","Baseline Continuity","T2","Robust Resilience Portfolio",26,2,0.2297
"S1","Baseline Continuity","T2","Robust Resilience Portfolio",27,2,0.2369
"S1","Baseline Continuity","T2","Robust Resilience Portfolio",28,2,0.2441
"S1","Baseline Continuity","T2","Robust Resilience Portfolio",29,2,0.2513
"S1","Baseline Continuity","T2","Robust Resilience Portfolio",30,2,0.2585
"S1","Baseline Continuity","T2","Robust Resilience Portfolio",31,2,0.2656
"S1","Baseline Continuity","T2","Robust Resilience Portfolio",32,2,0.2728
"S1","Baseline Continuity","T2","Robust Resilience Portfolio",33,2,0.28
"S1","Baseline Continuity","T2","Robust Resilience Portfolio",34,2,0.2872
"S1","Baseline Continuity","T2","Robust Resilience Portfolio",35,2,0.2944
"S1","Baseline Continuity","T2","Robust Resilience Portfolio",36,2,0.3
"S1","Baseline Continuity","T2","Robust Resilience Portfolio",37,2,0.3
"S1","Baseline Continuity","T2","Robust Resilience Portfolio",38,2,0.3
"S1","Baseline Continuity","T2","Robust Resilience Portfolio",39,2,0.3
"S1","Baseline Continuity","T2","Robust Resilience Portfolio",40,2,0.3
"S1","Baseline Continuity","T3","Adaptive Governance",1,1.03,0.07
"S1","Baseline Continuity","T3","Adaptive Governance",2,1.1509,0.078
"S1","Baseline Continuity","T3","Adaptive Governance",3,1.2799,0.086
"S1","Baseline Continuity","T3","Adaptive Governance",4,1.4169,0.0941
"S1","Baseline Continuity","T3","Adaptive Governance",5,1.5619,0.1021
"S1","Baseline Continuity","T3","Adaptive Governance",6,1.7149,0.1101
"S1","Baseline Continuity","T3","Adaptive Governance",7,1.8759,0.1181
"S1","Baseline Continuity","T3","Adaptive Governance",8,2,0.1261
"S1","Baseline Continuity","T3","Adaptive Governance",9,2,0.1342
"S1","Baseline Continuity","T3","Adaptive Governance",10,2,0.1422
"S1","Baseline Continuity","T3","Adaptive Governance",11,2,0.1502
"S1","Baseline Continuity","T3","Adaptive Governance",12,2,0.1582
"S1","Baseline Continuity","T3","Adaptive Governance",13,2,0.1662
"S1","Baseline Continuity","T3","Adaptive Governance",14,2,0.1743
"S1","Baseline Continuity","T3","Adaptive Governance",15,2,0.1823
"S1","Baseline Continuity","T3","Adaptive Governance",16,2,0.1903
"S1","Baseline Continuity","T3","Adaptive Governance",17,2,0.1983
"S1","Baseline Continuity","T3","Adaptive Governance",18,2,0.2063
"S1","Baseline Continuity","T3","Adaptive Governance",19,2,0.2144
"S1","Baseline Continuity","T3","Adaptive Governance",20,2,0.2224
"S1","Baseline Continuity","T3","Adaptive Governance",21,2,0.2304
"S1","Baseline Continuity","T3","Adaptive Governance",22,2,0.2384
"S1","Baseline Continuity","T3","Adaptive Governance",23,2,0.2464
"S1","Baseline Continuity","T3","Adaptive Governance",24,2,0.2545
"S1","Baseline Continuity","T3","Adaptive Governance",25,2,0.2625
"S1","Baseline Continuity","T3","Adaptive Governance",26,2,0.2705
"S1","Baseline Continuity","T3","Adaptive Governance",27,2,0.2785
"S1","Baseline Continuity","T3","Adaptive Governance",28,2,0.2865
"S1","Baseline Continuity","T3","Adaptive Governance",29,2,0.2946
"S1","Baseline Continuity","T3","Adaptive Governance",30,2,0.3
"S1","Baseline Continuity","T3","Adaptive Governance",31,2,0.3
"S1","Baseline Continuity","T3","Adaptive Governance",32,2,0.3
"S1","Baseline Continuity","T3","Adaptive Governance",33,2,0.3
"S1","Baseline Continuity","T3","Adaptive Governance",34,2,0.3
"S1","Baseline Continuity","T3","Adaptive Governance",35,2,0.3
"S1","Baseline Continuity","T3","Adaptive Governance",36,2,0.3
"S1","Baseline Continuity","T3","Adaptive Governance",37,2,0.3
"S1","Baseline Continuity","T3","Adaptive Governance",38,2,0.3
"S1","Baseline Continuity","T3","Adaptive Governance",39,2,0.3
"S1","Baseline Continuity","T3","Adaptive Governance",40,2,0.3
"S1","Baseline Continuity","T4","Justice-Centered Transformation",1,1.02,0.08
"S1","Baseline Continuity","T4","Justice-Centered Transformation",2,1.1502,0.0884
"S1","Baseline Continuity","T4","Justice-Centered Transformation",3,1.2887,0.0969
"S1","Baseline Continuity","T4","Justice-Centered Transformation",4,1.4358,0.1053
"S1","Baseline Continuity","T4","Justice-Centered Transformation",5,1.5912,0.1137
"S1","Baseline Continuity","T4","Justice-Centered Transformation",6,1.7551,0.1222
"S1","Baseline Continuity","T4","Justice-Centered Transformation",7,1.9275,0.1306
"S1","Baseline Continuity","T4","Justice-Centered Transformation",8,2,0.1391
"S1","Baseline Continuity","T4","Justice-Centered Transformation",9,2,0.1475
"S1","Baseline Continuity","T4","Justice-Centered Transformation",10,2,0.1559
"S1","Baseline Continuity","T4","Justice-Centered Transformation",11,2,0.1644
"S1","Baseline Continuity","T4","Justice-Centered Transformation",12,2,0.1728
"S1","Baseline Continuity","T4","Justice-Centered Transformation",13,2,0.1812
"S1","Baseline Continuity","T4","Justice-Centered Transformation",14,2,0.1897
"S1","Baseline Continuity","T4","Justice-Centered Transformation",15,2,0.1981
"S1","Baseline Continuity","T4","Justice-Centered Transformation",16,2,0.2065
"S1","Baseline Continuity","T4","Justice-Centered Transformation",17,2,0.215
"S1","Baseline Continuity","T4","Justice-Centered Transformation",18,2,0.2234
"S1","Baseline Continuity","T4","Justice-Centered Transformation",19,2,0.2318
"S1","Baseline Continuity","T4","Justice-Centered Transformation",20,2,0.2403
"S1","Baseline Continuity","T4","Justice-Centered Transformation",21,2,0.2487
"S1","Baseline Continuity","T4","Justice-Centered Transformation",22,2,0.2572
"S1","Baseline Continuity","T4","Justice-Centered Transformation",23,2,0.2656
"S1","Baseline Continuity","T4","Justice-Centered Transformation",24,2,0.274
"S1","Baseline Continuity","T4","Justice-Centered Transformation",25,2,0.2825
"S1","Baseline Continuity","T4","Justice-Centered Transformation",26,2,0.2909
"S1","Baseline Continuity","T4","Justice-Centered Transformation",27,2,0.2993
"S1","Baseline Continuity","T4","Justice-Centered Transformation",28,2,0.3
"S1","Baseline Continuity","T4","Justice-Centered Transformation",29,2,0.3
"S1","Baseline Continuity","T4","Justice-Centered Transformation",30,2,0.3
"S1","Baseline Continuity","T4","Justice-Centered Transformation",31,2,0.3
"S1","Baseline Continuity","T4","Justice-Centered Transformation",32,2,0.3
"S1","Baseline Continuity","T4","Justice-Centered Transformation",33,2,0.3
"S1","Baseline Continuity","T4","Justice-Centered Transformation",34,2,0.3
"S1","Baseline Continuity","T4","Justice-Centered Transformation",35,2,0.3
"S1","Baseline Continuity","T4","Justice-Centered Transformation",36,2,0.3
"S1","Baseline Continuity","T4","Justice-Centered Transformation",37,2,0.3
"S1","Baseline Continuity","T4","Justice-Centered Transformation",38,2,0.3
"S1","Baseline Continuity","T4","Justice-Centered Transformation",39,2,0.3
"S1","Baseline Continuity","T4","Justice-Centered Transformation",40,2,0.3
"S1","Baseline Continuity","T5","Low-Cost Continuity",1,1.03,0.025
"S1","Baseline Continuity","T5","Low-Cost Continuity",2,1.0889,0.0286
"S1","Baseline Continuity","T5","Low-Cost Continuity",3,1.1514,0.0321
"S1","Baseline Continuity","T5","Low-Cost Continuity",4,1.2175,0.0357
"S1","Baseline Continuity","T5","Low-Cost Continuity",5,1.2872,0.0393
"S1","Baseline Continuity","T5","Low-Cost Continuity",6,1.3604,0.0429
"S1","Baseline Continuity","T5","Low-Cost Continuity",7,1.4372,0.0464
"S1","Baseline Continuity","T5","Low-Cost Continuity",8,1.4842,0.05
"S1","Baseline Continuity","T5","Low-Cost Continuity",9,1.5682,0.0536
"S1","Baseline Continuity","T5","Low-Cost Continuity",10,1.6557,0.0572
"S1","Baseline Continuity","T5","Low-Cost Continuity",11,1.7468,0.0607
"S1","Baseline Continuity","T5","Low-Cost Continuity",12,1.8414,0.0643
"S1","Baseline Continuity","T5","Low-Cost Continuity",13,1.9397,0.0679
"S1","Baseline Continuity","T5","Low-Cost Continuity",14,2,0.0715
"S1","Baseline Continuity","T5","Low-Cost Continuity",15,2,0.075
"S1","Baseline Continuity","T5","Low-Cost Continuity",16,2,0.0786
"S1","Baseline Continuity","T5","Low-Cost Continuity",17,2,0.0822
"S1","Baseline Continuity","T5","Low-Cost Continuity",18,2,0.0858
"S1","Baseline Continuity","T5","Low-Cost Continuity",19,2,0.0893
"S1","Baseline Continuity","T5","Low-Cost Continuity",20,2,0.0929
"S1","Baseline Continuity","T5","Low-Cost Continuity",21,2,0.0965
"S1","Baseline Continuity","T5","Low-Cost Continuity",22,2,0.1001
"S1","Baseline Continuity","T5","Low-Cost Continuity",23,2,0.1036
"S1","Baseline Continuity","T5","Low-Cost Continuity",24,2,0.1072
"S1","Baseline Continuity","T5","Low-Cost Continuity",25,2,0.1108
"S1","Baseline Continuity","T5","Low-Cost Continuity",26,2,0.1143
"S1","Baseline Continuity","T5","Low-Cost Continuity",27,2,0.1179
"S1","Baseline Continuity","T5","Low-Cost Continuity",28,2,0.1215
"S1","Baseline Continuity","T5","Low-Cost Continuity",29,2,0.1251
"S1","Baseline Continuity","T5","Low-Cost Continuity",30,2,0.1286
"S1","Baseline Continuity","T5","Low-Cost Continuity",31,2,0.1322
"S1","Baseline Continuity","T5","Low-Cost Continuity",32,2,0.1358
"S1","Baseline Continuity","T5","Low-Cost Continuity",33,2,0.1394
"S1","Baseline Continuity","T5","Low-Cost Continuity",34,2,0.1429
"S1","Baseline Continuity","T5","Low-Cost Continuity",35,2,0.1465
"S1","Baseline Continuity","T5","Low-Cost Continuity",36,2,0.1501
"S1","Baseline Continuity","T5","Low-Cost Continuity",37,2,0.1537
"S1","Baseline Continuity","T5","Low-Cost Continuity",38,2,0.1572
"S1","Baseline Continuity","T5","Low-Cost Continuity",39,2,0.1608
"S1","Baseline Continuity","T5","Low-Cost Continuity",40,2,0.1644
"S2","High Disruption","T1","Efficiency Optimization",1,1.08,0.01
"S2","High Disruption","T1","Efficiency Optimization",2,1.0693,0.0129
"S2","High Disruption","T1","Efficiency Optimization",3,1.0615,0.0158
"S2","High Disruption","T1","Efficiency Optimization",4,1.0566,0.0187
"S2","High Disruption","T1","Efficiency Optimization",5,1.0546,0.0216
"S2","High Disruption","T1","Efficiency Optimization",6,1.0555,0.0245
"S2","High Disruption","T1","Efficiency Optimization",7,1.0593,0.0274
"S2","High Disruption","T1","Efficiency Optimization",8,0.9727,0.0303
"S2","High Disruption","T1","Efficiency Optimization",9,0.9808,0.0333
"S2","High Disruption","T1","Efficiency Optimization",10,0.9924,0.0363
"S2","High Disruption","T1","Efficiency Optimization",11,1.0076,0.0393
"S2","High Disruption","T1","Efficiency Optimization",12,1.0261,0.0421
"S2","High Disruption","T1","Efficiency Optimization",13,1.0476,0.045
"S2","High Disruption","T1","Efficiency Optimization",14,1.072,0.0479
"S2","High Disruption","T1","Efficiency Optimization",15,1.0992,0.0508
"S2","High Disruption","T1","Efficiency Optimization",16,1.036,0.0537
"S2","High Disruption","T1","Efficiency Optimization",17,1.0691,0.0566
"S2","High Disruption","T1","Efficiency Optimization",18,1.105,0.0595
"S2","High Disruption","T1","Efficiency Optimization",19,1.1439,0.0624
"S2","High Disruption","T1","Efficiency Optimization",20,1.1856,0.0653
"S2","High Disruption","T1","Efficiency Optimization",21,1.2303,0.0682
"S2","High Disruption","T1","Efficiency Optimization",22,1.2778,0.0711
"S2","High Disruption","T1","Efficiency Optimization",23,1.3283,0.074
"S2","High Disruption","T1","Efficiency Optimization",24,1.2883,0.0769
"S2","High Disruption","T1","Efficiency Optimization",25,1.3445,0.0798
"S2","High Disruption","T1","Efficiency Optimization",26,1.4036,0.0827
"S2","High Disruption","T1","Efficiency Optimization",27,1.4657,0.0856
"S2","High Disruption","T1","Efficiency Optimization",28,1.5306,0.0885
"S2","High Disruption","T1","Efficiency Optimization",29,1.5984,0.0914
"S2","High Disruption","T1","Efficiency Optimization",30,1.6692,0.0943
"S2","High Disruption","T1","Efficiency Optimization",31,1.7428,0.0972
"S2","High Disruption","T1","Efficiency Optimization",32,1.726,0.1001
"S2","High Disruption","T1","Efficiency Optimization",33,1.8054,0.103
"S2","High Disruption","T1","Efficiency Optimization",34,1.8877,0.1059
"S2","High Disruption","T1","Efficiency Optimization",35,1.9729,0.1088
"S2","High Disruption","T1","Efficiency Optimization",36,2,0.1117
"S2","High Disruption","T1","Efficiency Optimization",37,2,0.1146
"S2","High Disruption","T1","Efficiency Optimization",38,2,0.1175
"S2","High Disruption","T1","Efficiency Optimization",39,2,0.1204
"S2","High Disruption","T1","Efficiency Optimization",40,2,0.1233
"S2","High Disruption","T2","Robust Resilience Portfolio",1,1.04,0.04
"S2","High Disruption","T2","Robust Resilience Portfolio",2,1.1032,0.0446
"S2","High Disruption","T2","Robust Resilience Portfolio",3,1.1709,0.0492
"S2","High Disruption","T2","Robust Resilience Portfolio",4,1.2433,0.0538
"S2","High Disruption","T2","Robust Resilience Portfolio",5,1.3202,0.0584
"S2","High Disruption","T2","Robust Resilience Portfolio",6,1.4017,0.063
"S2","High Disruption","T2","Robust Resilience Portfolio",7,1.4879,0.0676
"S2","High Disruption","T2","Robust Resilience Portfolio",8,1.4986,0.0722
"S2","High Disruption","T2","Robust Resilience Portfolio",9,1.5939,0.0768
"S2","High Disruption","T2","Robust Resilience Portfolio",10,1.6939,0.0814
"S2","High Disruption","T2","Robust Resilience Portfolio",11,1.7984,0.086
"S2","High Disruption","T2","Robust Resilience Portfolio",12,1.9075,0.0906
"S2","High Disruption","T2","Robust Resilience Portfolio",13,2,0.0952
"S2","High Disruption","T2","Robust Resilience Portfolio",14,2,0.0997
"S2","High Disruption","T2","Robust Resilience Portfolio",15,2,0.1043
"S2","High Disruption","T2","Robust Resilience Portfolio",16,2,0.1089
"S2","High Disruption","T2","Robust Resilience Portfolio",17,2,0.1135
"S2","High Disruption","T2","Robust Resilience Portfolio",18,2,0.1181
"S2","High Disruption","T2","Robust Resilience Portfolio",19,2,0.1227
"S2","High Disruption","T2","Robust Resilience Portfolio",20,2,0.1273
"S2","High Disruption","T2","Robust Resilience Portfolio",21,2,0.1319
"S2","High Disruption","T2","Robust Resilience Portfolio",22,2,0.1365
"S2","High Disruption","T2","Robust Resilience Portfolio",23,2,0.1411
"S2","High Disruption","T2","Robust Resilience Portfolio",24,2,0.1457
"S2","High Disruption","T2","Robust Resilience Portfolio",25,2,0.1503
"S2","High Disruption","T2","Robust Resilience Portfolio",26,2,0.1549
"S2","High Disruption","T2","Robust Resilience Portfolio",27,2,0.1595
"S2","High Disruption","T2","Robust Resilience Portfolio",28,2,0.1641
"S2","High Disruption","T2","Robust Resilience Portfolio",29,2,0.1687
"S2","High Disruption","T2","Robust Resilience Portfolio",30,2,0.1733
"S2","High Disruption","T2","Robust Resilience Portfolio",31,2,0.1779
"S2","High Disruption","T2","Robust Resilience Portfolio",32,2,0.1825
"S2","High Disruption","T2","Robust Resilience Portfolio",33,2,0.1871
"S2","High Disruption","T2","Robust Resilience Portfolio",34,2,0.1917
"S2","High Disruption","T2","Robust Resilience Portfolio",35,2,0.1963
"S2","High Disruption","T2","Robust Resilience Portfolio",36,2,0.2009
"S2","High Disruption","T2","Robust Resilience Portfolio",37,2,0.2055
"S2","High Disruption","T2","Robust Resilience Portfolio",38,2,0.2101
"S2","High Disruption","T2","Robust Resilience Portfolio",39,2,0.2146
"S2","High Disruption","T2","Robust Resilience Portfolio",40,2,0.2192
"S2","High Disruption","T3","Adaptive Governance",1,1.03,0.06
"S2","High Disruption","T3","Adaptive Governance",2,1.1053,0.0651
"S2","High Disruption","T3","Adaptive Governance",3,1.1857,0.0703
"S2","High Disruption","T3","Adaptive Governance",4,1.2713,0.0754
"S2","High Disruption","T3","Adaptive Governance",5,1.362,0.0806
"S2","High Disruption","T3","Adaptive Governance",6,1.4579,0.0857
"S2","High Disruption","T3","Adaptive Governance",7,1.5589,0.0908
"S2","High Disruption","T3","Adaptive Governance",8,1.5717,0.096
"S2","High Disruption","T3","Adaptive Governance",9,1.6829,0.1011
"S2","High Disruption","T3","Adaptive Governance",10,1.7993,0.1063
"S2","High Disruption","T3","Adaptive Governance",11,1.9209,0.1114
"S2","High Disruption","T3","Adaptive Governance",12,2,0.1165
"S2","High Disruption","T3","Adaptive Governance",13,2,0.1217
"S2","High Disruption","T3","Adaptive Governance",14,2,0.1268
"S2","High Disruption","T3","Adaptive Governance",15,2,0.132
"S2","High Disruption","T3","Adaptive Governance",16,2,0.1371
"S2","High Disruption","T3","Adaptive Governance",17,2,0.1422
"S2","High Disruption","T3","Adaptive Governance",18,2,0.1474
"S2","High Disruption","T3","Adaptive Governance",19,2,0.1525
"S2","High Disruption","T3","Adaptive Governance",20,2,0.1577
"S2","High Disruption","T3","Adaptive Governance",21,2,0.1628
"S2","High Disruption","T3","Adaptive Governance",22,2,0.1679
"S2","High Disruption","T3","Adaptive Governance",23,2,0.1731
"S2","High Disruption","T3","Adaptive Governance",24,2,0.1782
"S2","High Disruption","T3","Adaptive Governance",25,2,0.1834
"S2","High Disruption","T3","Adaptive Governance",26,2,0.1885
"S2","High Disruption","T3","Adaptive Governance",27,2,0.1936
"S2","High Disruption","T3","Adaptive Governance",28,2,0.1988
"S2","High Disruption","T3","Adaptive Governance",29,2,0.2039
"S2","High Disruption","T3","Adaptive Governance",30,2,0.2091
"S2","High Disruption","T3","Adaptive Governance",31,2,0.2142
"S2","High Disruption","T3","Adaptive Governance",32,2,0.2193
"S2","High Disruption","T3","Adaptive Governance",33,2,0.2245
"S2","High Disruption","T3","Adaptive Governance",34,2,0.2296
"S2","High Disruption","T3","Adaptive Governance",35,2,0.2348
"S2","High Disruption","T3","Adaptive Governance",36,2,0.2399
"S2","High Disruption","T3","Adaptive Governance",37,2,0.245
"S2","High Disruption","T3","Adaptive Governance",38,2,0.2502
"S2","High Disruption","T3","Adaptive Governance",39,2,0.2553
"S2","High Disruption","T3","Adaptive Governance",40,2,0.2605
"S2","High Disruption","T4","Justice-Centered Transformation",1,1.02,0.07
"S2","High Disruption","T4","Justice-Centered Transformation",2,1.1145,0.0754
"S2","High Disruption","T4","Justice-Centered Transformation",3,1.2145,0.0808
"S2","High Disruption","T4","Justice-Centered Transformation",4,1.3198,0.0862
"S2","High Disruption","T4","Justice-Centered Transformation",5,1.4306,0.0916
"S2","High Disruption","T4","Justice-Centered Transformation",6,1.5468,0.0971
"S2","High Disruption","T4","Justice-Centered Transformation",7,1.6684,0.1025
"S2","High Disruption","T4","Justice-Centered Transformation",8,1.7054,0.1079
"S2","High Disruption","T4","Justice-Centered Transformation",9,1.8378,0.1133
"S2","High Disruption","T4","Justice-Centered Transformation",10,1.9756,0.1187
"S2","High Disruption","T4","Justice-Centered Transformation",11,2,0.1241
"S2","High Disruption","T4","Justice-Centered Transformation",12,2,0.1295
"S2","High Disruption","T4","Justice-Centered Transformation",13,2,0.1349
"S2","High Disruption","T4","Justice-Centered Transformation",14,2,0.1404
"S2","High Disruption","T4","Justice-Centered Transformation",15,2,0.1458
"S2","High Disruption","T4","Justice-Centered Transformation",16,2,0.1512
"S2","High Disruption","T4","Justice-Centered Transformation",17,2,0.1566
"S2","High Disruption","T4","Justice-Centered Transformation",18,2,0.162
"S2","High Disruption","T4","Justice-Centered Transformation",19,2,0.1674
"S2","High Disruption","T4","Justice-Centered Transformation",20,2,0.1728
"S2","High Disruption","T4","Justice-Centered Transformation",21,2,0.1782
"S2","High Disruption","T4","Justice-Centered Transformation",22,2,0.1837
"S2","High Disruption","T4","Justice-Centered Transformation",23,2,0.1891
"S2","High Disruption","T4","Justice-Centered Transformation",24,2,0.1945
"S2","High Disruption","T4","Justice-Centered Transformation",25,2,0.1999
"S2","High Disruption","T4","Justice-Centered Transformation",26,2,0.2053
"S2","High Disruption","T4","Justice-Centered Transformation",27,2,0.2107
"S2","High Disruption","T4","Justice-Centered Transformation",28,2,0.2161
"S2","High Disruption","T4","Justice-Centered Transformation",29,2,0.2215
"S2","High Disruption","T4","Justice-Centered Transformation",30,2,0.2269
"S2","High Disruption","T4","Justice-Centered Transformation",31,2,0.2324
"S2","High Disruption","T4","Justice-Centered Transformation",32,2,0.2378
"S2","High Disruption","T4","Justice-Centered Transformation",33,2,0.2432
"S2","High Disruption","T4","Justice-Centered Transformation",34,2,0.2486
"S2","High Disruption","T4","Justice-Centered Transformation",35,2,0.254
"S2","High Disruption","T4","Justice-Centered Transformation",36,2,0.2594
"S2","High Disruption","T4","Justice-Centered Transformation",37,2,0.2648
"S2","High Disruption","T4","Justice-Centered Transformation",38,2,0.2702
"S2","High Disruption","T4","Justice-Centered Transformation",39,2,0.2757
"S2","High Disruption","T4","Justice-Centered Transformation",40,2,0.2811
"S2","High Disruption","T5","Low-Cost Continuity",1,1.03,0.015
"S2","High Disruption","T5","Low-Cost Continuity",2,1.0131,0.0173
"S2","High Disruption","T5","Low-Cost Continuity",3,0.9985,0.0196
"S2","High Disruption","T5","Low-Cost Continuity",4,0.9861,0.0218
"S2","High Disruption","T5","Low-Cost Continuity",5,0.9754,0.0242
"S2","High Disruption","T5","Low-Cost Continuity",6,0.9663,0.0266
"S2","High Disruption","T5","Low-Cost Continuity",7,0.9592,0.029
"S2","High Disruption","T5","Low-Cost Continuity",8,0.8608,0.0315
"S2","High Disruption","T5","Low-Cost Continuity",9,0.8528,0.0345
"S2","High Disruption","T5","Low-Cost Continuity",10,0.8473,0.0375
"S2","High Disruption","T5","Low-Cost Continuity",11,0.8445,0.0405
"S2","High Disruption","T5","Low-Cost Continuity",12,0.8447,0.0436
"S2","High Disruption","T5","Low-Cost Continuity",13,0.8479,0.0467
"S2","High Disruption","T5","Low-Cost Continuity",14,0.8543,0.0497
"S2","High Disruption","T5","Low-Cost Continuity",15,0.8641,0.0527
"S2","High Disruption","T5","Low-Cost Continuity",16,0.7841,0.0557
"S2","High Disruption","T5","Low-Cost Continuity",17,0.796,0.059
"S2","High Disruption","T5","Low-Cost Continuity",18,0.812,0.0623
"S2","High Disruption","T5","Low-Cost Continuity",19,0.8321,0.0655
"S2","High Disruption","T5","Low-Cost Continuity",20,0.8565,0.0687
"S2","High Disruption","T5","Low-Cost Continuity",21,0.8854,0.0716
"S2","High Disruption","T5","Low-Cost Continuity",22,0.9189,0.0745
"S2","High Disruption","T5","Low-Cost Continuity",23,0.957,0.0772
"S2","High Disruption","T5","Low-Cost Continuity",24,0.9067,0.0797
"S2","High Disruption","T5","Low-Cost Continuity",25,0.9493,0.0824
"S2","High Disruption","T5","Low-Cost Continuity",26,0.9971,0.085
"S2","High Disruption","T5","Low-Cost Continuity",27,1.05,0.0872
"S2","High Disruption","T5","Low-Cost Continuity",28,1.1054,0.0895
"S2","High Disruption","T5","Low-Cost Continuity",29,1.163,0.0918
"S2","High Disruption","T5","Low-Cost Continuity",30,1.223,0.0941
"S2","High Disruption","T5","Low-Cost Continuity",31,1.2852,0.0964
"S2","High Disruption","T5","Low-Cost Continuity",32,1.2563,0.0986
"S2","High Disruption","T5","Low-Cost Continuity",33,1.3231,0.1009
"S2","High Disruption","T5","Low-Cost Continuity",34,1.3921,0.1032
"S2","High Disruption","T5","Low-Cost Continuity",35,1.4635,0.1055
"S2","High Disruption","T5","Low-Cost Continuity",36,1.5371,0.1077
"S2","High Disruption","T5","Low-Cost Continuity",37,1.6129,0.11
"S2","High Disruption","T5","Low-Cost Continuity",38,1.6911,0.1123
"S2","High Disruption","T5","Low-Cost Continuity",39,1.7715,0.1146
"S2","High Disruption","T5","Low-Cost Continuity",40,1.7609,0.1169
"S3","Adaptive Transition","T1","Efficiency Optimization",1,1.08,0.06
"S3","Adaptive Transition","T1","Efficiency Optimization",2,1.1657,0.0657
"S3","Adaptive Transition","T1","Efficiency Optimization",3,1.257,0.0713
"S3","Adaptive Transition","T1","Efficiency Optimization",4,1.354,0.077
"S3","Adaptive Transition","T1","Efficiency Optimization",5,1.4566,0.0826
"S3","Adaptive Transition","T1","Efficiency Optimization",6,1.5649,0.0883
"S3","Adaptive Transition","T1","Efficiency Optimization",7,1.6789,0.0939
"S3","Adaptive Transition","T1","Efficiency Optimization",8,1.7452,0.0996
"S3","Adaptive Transition","T1","Efficiency Optimization",9,1.8705,0.1053
"S3","Adaptive Transition","T1","Efficiency Optimization",10,2,0.1109
"S3","Adaptive Transition","T1","Efficiency Optimization",11,2,0.1166
"S3","Adaptive Transition","T1","Efficiency Optimization",12,2,0.1222
"S3","Adaptive Transition","T1","Efficiency Optimization",13,2,0.1279
"S3","Adaptive Transition","T1","Efficiency Optimization",14,2,0.1336
"S3","Adaptive Transition","T1","Efficiency Optimization",15,2,0.1392
"S3","Adaptive Transition","T1","Efficiency Optimization",16,2,0.1449
"S3","Adaptive Transition","T1","Efficiency Optimization",17,2,0.1505
"S3","Adaptive Transition","T1","Efficiency Optimization",18,2,0.1562
"S3","Adaptive Transition","T1","Efficiency Optimization",19,2,0.1618
"S3","Adaptive Transition","T1","Efficiency Optimization",20,2,0.1675
"S3","Adaptive Transition","T1","Efficiency Optimization",21,2,0.1732
"S3","Adaptive Transition","T1","Efficiency Optimization",22,2,0.1788
"S3","Adaptive Transition","T1","Efficiency Optimization",23,2,0.1845
"S3","Adaptive Transition","T1","Efficiency Optimization",24,2,0.1901
"S3","Adaptive Transition","T1","Efficiency Optimization",25,2,0.1958
"S3","Adaptive Transition","T1","Efficiency Optimization",26,2,0.2014
"S3","Adaptive Transition","T1","Efficiency Optimization",27,2,0.2071
"S3","Adaptive Transition","T1","Efficiency Optimization",28,2,0.2128
"S3","Adaptive Transition","T1","Efficiency Optimization",29,2,0.2184
"S3","Adaptive Transition","T1","Efficiency Optimization",30,2,0.2241
"S3","Adaptive Transition","T1","Efficiency Optimization",31,2,0.2297
"S3","Adaptive Transition","T1","Efficiency Optimization",32,2,0.2354
"S3","Adaptive Transition","T1","Efficiency Optimization",33,2,0.2411
"S3","Adaptive Transition","T1","Efficiency Optimization",34,2,0.2467
"S3","Adaptive Transition","T1","Efficiency Optimization",35,2,0.2524
"S3","Adaptive Transition","T1","Efficiency Optimization",36,2,0.258
"S3","Adaptive Transition","T1","Efficiency Optimization",37,2,0.2637
"S3","Adaptive Transition","T1","Efficiency Optimization",38,2,0.2693
"S3","Adaptive Transition","T1","Efficiency Optimization",39,2,0.275
"S3","Adaptive Transition","T1","Efficiency Optimization",40,2,0.2807
"S3","Adaptive Transition","T2","Robust Resilience Portfolio",1,1.04,0.09
"S3","Adaptive Transition","T2","Robust Resilience Portfolio",2,1.1727,0.0989
"S3","Adaptive Transition","T2","Robust Resilience Portfolio",3,1.3143,0.1078
"S3","Adaptive Transition","T2","Robust Resilience Portfolio",4,1.4648,0.1167
"S3","Adaptive Transition","T2","Robust Resilience Portfolio",5,1.6242,0.1257
"S3","Adaptive Transition","T2","Robust Resilience Portfolio",6,1.7925,0.1346
"S3","Adaptive Transition","T2","Robust Resilience Portfolio",7,1.9698,0.1435
"S3","Adaptive Transition","T2","Robust Resilience Portfolio",8,2,0.1524
"S3","Adaptive Transition","T2","Robust Resilience Portfolio",9,2,0.1613
"S3","Adaptive Transition","T2","Robust Resilience Portfolio",10,2,0.1702
"S3","Adaptive Transition","T2","Robust Resilience Portfolio",11,2,0.1792
"S3","Adaptive Transition","T2","Robust Resilience Portfolio",12,2,0.1881
"S3","Adaptive Transition","T2","Robust Resilience Portfolio",13,2,0.197
"S3","Adaptive Transition","T2","Robust Resilience Portfolio",14,2,0.2059
"S3","Adaptive Transition","T2","Robust Resilience Portfolio",15,2,0.2148
"S3","Adaptive Transition","T2","Robust Resilience Portfolio",16,2,0.2237
"S3","Adaptive Transition","T2","Robust Resilience Portfolio",17,2,0.2327
"S3","Adaptive Transition","T2","Robust Resilience Portfolio",18,2,0.2416
"S3","Adaptive Transition","T2","Robust Resilience Portfolio",19,2,0.2505
"S3","Adaptive Transition","T2","Robust Resilience Portfolio",20,2,0.2594
"S3","Adaptive Transition","T2","Robust Resilience Portfolio",21,2,0.2683
"S3","Adaptive Transition","T2","Robust Resilience Portfolio",22,2,0.2772
"S3","Adaptive Transition","T2","Robust Resilience Portfolio",23,2,0.2862
"S3","Adaptive Transition","T2","Robust Resilience Portfolio",24,2,0.2951
"S3","Adaptive Transition","T2","Robust Resilience Portfolio",25,2,0.3
"S3","Adaptive Transition","T2","Robust Resilience Portfolio",26,2,0.3
"S3","Adaptive Transition","T2","Robust Resilience Portfolio",27,2,0.3
"S3","Adaptive Transition","T2","Robust Resilience Portfolio",28,2,0.3
"S3","Adaptive Transition","T2","Robust Resilience Portfolio",29,2,0.3
"S3","Adaptive Transition","T2","Robust Resilience Portfolio",30,2,0.3
"S3","Adaptive Transition","T2","Robust Resilience Portfolio",31,2,0.3
"S3","Adaptive Transition","T2","Robust Resilience Portfolio",32,2,0.3
"S3","Adaptive Transition","T2","Robust Resilience Portfolio",33,2,0.3
"S3","Adaptive Transition","T2","Robust Resilience Portfolio",34,2,0.3
"S3","Adaptive Transition","T2","Robust Resilience Portfolio",35,2,0.3
"S3","Adaptive Transition","T2","Robust Resilience Portfolio",36,2,0.3
"S3","Adaptive Transition","T2","Robust Resilience Portfolio",37,2,0.3
"S3","Adaptive Transition","T2","Robust Resilience Portfolio",38,2,0.3
"S3","Adaptive Transition","T2","Robust Resilience Portfolio",39,2,0.3
"S3","Adaptive Transition","T2","Robust Resilience Portfolio",40,2,0.3
"S3","Adaptive Transition","T3","Adaptive Governance",1,1.03,0.11
"S3","Adaptive Transition","T3","Adaptive Governance",2,1.1841,0.1199
"S3","Adaptive Transition","T3","Adaptive Governance",3,1.3481,0.1299
"S3","Adaptive Transition","T3","Adaptive Governance",4,1.522,0.1398
"S3","Adaptive Transition","T3","Adaptive Governance",5,1.7059,0.1498
"S3","Adaptive Transition","T3","Adaptive Governance",6,1.8997,0.1597
"S3","Adaptive Transition","T3","Adaptive Governance",7,2,0.1696
"S3","Adaptive Transition","T3","Adaptive Governance",8,2,0.1796
"S3","Adaptive Transition","T3","Adaptive Governance",9,2,0.1895
"S3","Adaptive Transition","T3","Adaptive Governance",10,2,0.1995
"S3","Adaptive Transition","T3","Adaptive Governance",11,2,0.2094
"S3","Adaptive Transition","T3","Adaptive Governance",12,2,0.2193
"S3","Adaptive Transition","T3","Adaptive Governance",13,2,0.2293
"S3","Adaptive Transition","T3","Adaptive Governance",14,2,0.2392
"S3","Adaptive Transition","T3","Adaptive Governance",15,2,0.2492
"S3","Adaptive Transition","T3","Adaptive Governance",16,2,0.2591
"S3","Adaptive Transition","T3","Adaptive Governance",17,2,0.269
"S3","Adaptive Transition","T3","Adaptive Governance",18,2,0.279
"S3","Adaptive Transition","T3","Adaptive Governance",19,2,0.2889
"S3","Adaptive Transition","T3","Adaptive Governance",20,2,0.2989
"S3","Adaptive Transition","T3","Adaptive Governance",21,2,0.3
"S3","Adaptive Transition","T3","Adaptive Governance",22,2,0.3
"S3","Adaptive Transition","T3","Adaptive Governance",23,2,0.3
"S3","Adaptive Transition","T3","Adaptive Governance",24,2,0.3
"S3","Adaptive Transition","T3","Adaptive Governance",25,2,0.3
"S3","Adaptive Transition","T3","Adaptive Governance",26,2,0.3
"S3","Adaptive Transition","T3","Adaptive Governance",27,2,0.3
"S3","Adaptive Transition","T3","Adaptive Governance",28,2,0.3
"S3","Adaptive Transition","T3","Adaptive Governance",29,2,0.3
"S3","Adaptive Transition","T3","Adaptive Governance",30,2,0.3
"S3","Adaptive Transition","T3","Adaptive Governance",31,2,0.3
"S3","Adaptive Transition","T3","Adaptive Governance",32,2,0.3
"S3","Adaptive Transition","T3","Adaptive Governance",33,2,0.3
"S3","Adaptive Transition","T3","Adaptive Governance",34,2,0.3
"S3","Adaptive Transition","T3","Adaptive Governance",35,2,0.3
"S3","Adaptive Transition","T3","Adaptive Governance",36,2,0.3
"S3","Adaptive Transition","T3","Adaptive Governance",37,2,0.3
"S3","Adaptive Transition","T3","Adaptive Governance",38,2,0.3
"S3","Adaptive Transition","T3","Adaptive Governance",39,2,0.3
"S3","Adaptive Transition","T3","Adaptive Governance",40,2,0.3
"S3","Adaptive Transition","T4","Justice-Centered Transformation",1,1.02,0.12
"S3","Adaptive Transition","T4","Justice-Centered Transformation",2,1.1834,0.1305
"S3","Adaptive Transition","T4","Justice-Centered Transformation",3,1.3572,0.1409
"S3","Adaptive Transition","T4","Justice-Centered Transformation",4,1.5415,0.1514
"S3","Adaptive Transition","T4","Justice-Centered Transformation",5,1.7362,0.1618
"S3","Adaptive Transition","T4","Justice-Centered Transformation",6,1.9414,0.1723
"S3","Adaptive Transition","T4","Justice-Centered Transformation",7,2,0.1827
"S3","Adaptive Transition","T4","Justice-Centered Transformation",8,2,0.1932
"S3","Adaptive Transition","T4","Justice-Centered Transformation",9,2,0.2036
"S3","Adaptive Transition","T4","Justice-Centered Transformation",10,2,0.2141
"S3","Adaptive Transition","T4","Justice-Centered Transformation",11,2,0.2245
"S3","Adaptive Transition","T4","Justice-Centered Transformation",12,2,0.235
"S3","Adaptive Transition","T4","Justice-Centered Transformation",13,2,0.2454
"S3","Adaptive Transition","T4","Justice-Centered Transformation",14,2,0.2559
"S3","Adaptive Transition","T4","Justice-Centered Transformation",15,2,0.2663
"S3","Adaptive Transition","T4","Justice-Centered Transformation",16,2,0.2768
"S3","Adaptive Transition","T4","Justice-Centered Transformation",17,2,0.2872
"S3","Adaptive Transition","T4","Justice-Centered Transformation",18,2,0.2977
"S3","Adaptive Transition","T4","Justice-Centered Transformation",19,2,0.3
"S3","Adaptive Transition","T4","Justice-Centered Transformation",20,2,0.3
"S3","Adaptive Transition","T4","Justice-Centered Transformation",21,2,0.3
"S3","Adaptive Transition","T4","Justice-Centered Transformation",22,2,0.3
"S3","Adaptive Transition","T4","Justice-Centered Transformation",23,2,0.3
"S3","Adaptive Transition","T4","Justice-Centered Transformation",24,2,0.3
"S3","Adaptive Transition","T4","Justice-Centered Transformation",25,2,0.3
"S3","Adaptive Transition","T4","Justice-Centered Transformation",26,2,0.3
"S3","Adaptive Transition","T4","Justice-Centered Transformation",27,2,0.3
"S3","Adaptive Transition","T4","Justice-Centered Transformation",28,2,0.3
"S3","Adaptive Transition","T4","Justice-Centered Transformation",29,2,0.3
"S3","Adaptive Transition","T4","Justice-Centered Transformation",30,2,0.3
"S3","Adaptive Transition","T4","Justice-Centered Transformation",31,2,0.3
"S3","Adaptive Transition","T4","Justice-Centered Transformation",32,2,0.3
"S3","Adaptive Transition","T4","Justice-Centered Transformation",33,2,0.3
"S3","Adaptive Transition","T4","Justice-Centered Transformation",34,2,0.3
"S3","Adaptive Transition","T4","Justice-Centered Transformation",35,2,0.3
"S3","Adaptive Transition","T4","Justice-Centered Transformation",36,2,0.3
"S3","Adaptive Transition","T4","Justice-Centered Transformation",37,2,0.3
"S3","Adaptive Transition","T4","Justice-Centered Transformation",38,2,0.3
"S3","Adaptive Transition","T4","Justice-Centered Transformation",39,2,0.3
"S3","Adaptive Transition","T4","Justice-Centered Transformation",40,2,0.3
"S3","Adaptive Transition","T5","Low-Cost Continuity",1,1.03,0.065
"S3","Adaptive Transition","T5","Low-Cost Continuity",2,1.1089,0.0694
"S3","Adaptive Transition","T5","Low-Cost Continuity",3,1.1922,0.0739
"S3","Adaptive Transition","T5","Low-Cost Continuity",4,1.28,0.0783
"S3","Adaptive Transition","T5","Low-Cost Continuity",5,1.3722,0.0828
"S3","Adaptive Transition","T5","Low-Cost Continuity",6,1.4688,0.0872
"S3","Adaptive Transition","T5","Low-Cost Continuity",7,1.5699,0.0916
"S3","Adaptive Transition","T5","Low-Cost Continuity",8,1.6221,0.0961
"S3","Adaptive Transition","T5","Low-Cost Continuity",9,1.7321,0.1005
"S3","Adaptive Transition","T5","Low-Cost Continuity",10,1.8465,0.1049
"S3","Adaptive Transition","T5","Low-Cost Continuity",11,1.9653,0.1094
"S3","Adaptive Transition","T5","Low-Cost Continuity",12,2,0.1138
"S3","Adaptive Transition","T5","Low-Cost Continuity",13,2,0.1183
"S3","Adaptive Transition","T5","Low-Cost Continuity",14,2,0.1227
"S3","Adaptive Transition","T5","Low-Cost Continuity",15,2,0.1271
"S3","Adaptive Transition","T5","Low-Cost Continuity",16,2,0.1316
"S3","Adaptive Transition","T5","Low-Cost Continuity",17,2,0.136
"S3","Adaptive Transition","T5","Low-Cost Continuity",18,2,0.1404
"S3","Adaptive Transition","T5","Low-Cost Continuity",19,2,0.1449
"S3","Adaptive Transition","T5","Low-Cost Continuity",20,2,0.1493
"S3","Adaptive Transition","T5","Low-Cost Continuity",21,2,0.1538
"S3","Adaptive Transition","T5","Low-Cost Continuity",22,2,0.1582
"S3","Adaptive Transition","T5","Low-Cost Continuity",23,2,0.1626
"S3","Adaptive Transition","T5","Low-Cost Continuity",24,2,0.1671
"S3","Adaptive Transition","T5","Low-Cost Continuity",25,2,0.1715
"S3","Adaptive Transition","T5","Low-Cost Continuity",26,2,0.1759
"S3","Adaptive Transition","T5","Low-Cost Continuity",27,2,0.1804
"S3","Adaptive Transition","T5","Low-Cost Continuity",28,2,0.1848
"S3","Adaptive Transition","T5","Low-Cost Continuity",29,2,0.1893
"S3","Adaptive Transition","T5","Low-Cost Continuity",30,2,0.1937
"S3","Adaptive Transition","T5","Low-Cost Continuity",31,2,0.1981
"S3","Adaptive Transition","T5","Low-Cost Continuity",32,2,0.2026
"S3","Adaptive Transition","T5","Low-Cost Continuity",33,2,0.207
"S3","Adaptive Transition","T5","Low-Cost Continuity",34,2,0.2115
"S3","Adaptive Transition","T5","Low-Cost Continuity",35,2,0.2159
"S3","Adaptive Transition","T5","Low-Cost Continuity",36,2,0.2203
"S3","Adaptive Transition","T5","Low-Cost Continuity",37,2,0.2248
"S3","Adaptive Transition","T5","Low-Cost Continuity",38,2,0.2292
"S3","Adaptive Transition","T5","Low-Cost Continuity",39,2,0.2336
"S3","Adaptive Transition","T5","Low-Cost Continuity",40,2,0.2381
"S4","Fragmented Response","T1","Efficiency Optimization",1,1.08,0.015
"S4","Fragmented Response","T1","Efficiency Optimization",2,1.0806,0.0182
"S4","Fragmented Response","T1","Efficiency Optimization",3,1.0843,0.0213
"S4","Fragmented Response","T1","Efficiency Optimization",4,1.0913,0.0245
"S4","Fragmented Response","T1","Efficiency Optimization",5,1.1014,0.0277
"S4","Fragmented Response","T1","Efficiency Optimization",6,1.1147,0.0309
"S4","Fragmented Response","T1","Efficiency Optimization",7,1.1311,0.034
"S4","Fragmented Response","T1","Efficiency Optimization",8,1.0774,0.0372
"S4","Fragmented Response","T1","Efficiency Optimization",9,1.1002,0.0404
"S4","Fragmented Response","T1","Efficiency Optimization",10,1.1262,0.0436
"S4","Fragmented Response","T1","Efficiency Optimization",11,1.1554,0.0467
"S4","Fragmented Response","T1","Efficiency Optimization",12,1.1877,0.0499
"S4","Fragmented Response","T1","Efficiency Optimization",13,1.2232,0.0531
"S4","Fragmented Response","T1","Efficiency Optimization",14,1.2619,0.0563
"S4","Fragmented Response","T1","Efficiency Optimization",15,1.3037,0.0594
"S4","Fragmented Response","T1","Efficiency Optimization",16,1.2754,0.0626
"S4","Fragmented Response","T1","Efficiency Optimization",17,1.3236,0.0658
"S4","Fragmented Response","T1","Efficiency Optimization",18,1.375,0.069
"S4","Fragmented Response","T1","Efficiency Optimization",19,1.4295,0.0721
"S4","Fragmented Response","T1","Efficiency Optimization",20,1.4872,0.0753
"S4","Fragmented Response","T1","Efficiency Optimization",21,1.5481,0.0785
"S4","Fragmented Response","T1","Efficiency Optimization",22,1.6122,0.0817
"S4","Fragmented Response","T1","Efficiency Optimization",23,1.6794,0.0848
"S4","Fragmented Response","T1","Efficiency Optimization",24,1.6765,0.088
"S4","Fragmented Response","T1","Efficiency Optimization",25,1.7501,0.0912
"S4","Fragmented Response","T1","Efficiency Optimization",26,1.8269,0.0943
"S4","Fragmented Response","T1","Efficiency Optimization",27,1.9068,0.0975
"S4","Fragmented Response","T1","Efficiency Optimization",28,1.9899,0.1007
"S4","Fragmented Response","T1","Efficiency Optimization",29,2,0.1039
"S4","Fragmented Response","T1","Efficiency Optimization",30,2,0.107
"S4","Fragmented Response","T1","Efficiency Optimization",31,2,0.1102
"S4","Fragmented Response","T1","Efficiency Optimization",32,2,0.1134
"S4","Fragmented Response","T1","Efficiency Optimization",33,2,0.1166
"S4","Fragmented Response","T1","Efficiency Optimization",34,2,0.1197
"S4","Fragmented Response","T1","Efficiency Optimization",35,2,0.1229
"S4","Fragmented Response","T1","Efficiency Optimization",36,2,0.1261
"S4","Fragmented Response","T1","Efficiency Optimization",37,2,0.1293
"S4","Fragmented Response","T1","Efficiency Optimization",38,2,0.1324
"S4","Fragmented Response","T1","Efficiency Optimization",39,2,0.1356
"S4","Fragmented Response","T1","Efficiency Optimization",40,2,0.1388
"S4","Fragmented Response","T2","Robust Resilience Portfolio",1,1.04,0.045
"S4","Fragmented Response","T2","Robust Resilience Portfolio",2,1.1046,0.05
"S4","Fragmented Response","T2","Robust Resilience Portfolio",3,1.1742,0.0551
"S4","Fragmented Response","T2","Robust Resilience Portfolio",4,1.2488,0.0601
"S4","Fragmented Response","T2","Robust Resilience Portfolio",5,1.3285,0.0651
"S4","Fragmented Response","T2","Robust Resilience Portfolio",6,1.4132,0.0701
"S4","Fragmented Response","T2","Robust Resilience Portfolio",7,1.5029,0.0752
"S4","Fragmented Response","T2","Robust Resilience Portfolio",8,1.5477,0.0802
"S4","Fragmented Response","T2","Robust Resilience Portfolio",9,1.6475,0.0852
"S4","Fragmented Response","T2","Robust Resilience Portfolio",10,1.7523,0.0903
"S4","Fragmented Response","T2","Robust Resilience Portfolio",11,1.8621,0.0953
"S4","Fragmented Response","T2","Robust Resilience Portfolio",12,1.977,0.1003
"S4","Fragmented Response","T2","Robust Resilience Portfolio",13,2,0.1053
"S4","Fragmented Response","T2","Robust Resilience Portfolio",14,2,0.1104
"S4","Fragmented Response","T2","Robust Resilience Portfolio",15,2,0.1154
"S4","Fragmented Response","T2","Robust Resilience Portfolio",16,2,0.1204
"S4","Fragmented Response","T2","Robust Resilience Portfolio",17,2,0.1254
"S4","Fragmented Response","T2","Robust Resilience Portfolio",18,2,0.1305
"S4","Fragmented Response","T2","Robust Resilience Portfolio",19,2,0.1355
"S4","Fragmented Response","T2","Robust Resilience Portfolio",20,2,0.1405
"S4","Fragmented Response","T2","Robust Resilience Portfolio",21,2,0.1456
"S4","Fragmented Response","T2","Robust Resilience Portfolio",22,2,0.1506
"S4","Fragmented Response","T2","Robust Resilience Portfolio",23,2,0.1556
"S4","Fragmented Response","T2","Robust Resilience Portfolio",24,2,0.1606
"S4","Fragmented Response","T2","Robust Resilience Portfolio",25,2,0.1657
"S4","Fragmented Response","T2","Robust Resilience Portfolio",26,2,0.1707
"S4","Fragmented Response","T2","Robust Resilience Portfolio",27,2,0.1757
"S4","Fragmented Response","T2","Robust Resilience Portfolio",28,2,0.1808
"S4","Fragmented Response","T2","Robust Resilience Portfolio",29,2,0.1858
"S4","Fragmented Response","T2","Robust Resilience Portfolio",30,2,0.1908
"S4","Fragmented Response","T2","Robust Resilience Portfolio",31,2,0.1958
"S4","Fragmented Response","T2","Robust Resilience Portfolio",32,2,0.2009
"S4","Fragmented Response","T2","Robust Resilience Portfolio",33,2,0.2059
"S4","Fragmented Response","T2","Robust Resilience Portfolio",34,2,0.2109
"S4","Fragmented Response","T2","Robust Resilience Portfolio",35,2,0.216
"S4","Fragmented Response","T2","Robust Resilience Portfolio",36,2,0.221
"S4","Fragmented Response","T2","Robust Resilience Portfolio",37,2,0.226
"S4","Fragmented Response","T2","Robust Resilience Portfolio",38,2,0.231
"S4","Fragmented Response","T2","Robust Resilience Portfolio",39,2,0.2361
"S4","Fragmented Response","T2","Robust Resilience Portfolio",40,2,0.2411
"S4","Fragmented Response","T3","Adaptive Governance",1,1.03,0.065
"S4","Fragmented Response","T3","Adaptive Governance",2,1.1134,0.0706
"S4","Fragmented Response","T3","Adaptive Governance",3,1.2025,0.0762
"S4","Fragmented Response","T3","Adaptive Governance",4,1.2972,0.0819
"S4","Fragmented Response","T3","Adaptive Governance",5,1.3975,0.0875
"S4","Fragmented Response","T3","Adaptive Governance",6,1.5034,0.0931
"S4","Fragmented Response","T3","Adaptive Governance",7,1.6149,0.0987
"S4","Fragmented Response","T3","Adaptive Governance",8,1.6621,0.1043
"S4","Fragmented Response","T3","Adaptive Governance",9,1.7849,0.11
"S4","Fragmented Response","T3","Adaptive Governance",10,1.9133,0.1156
"S4","Fragmented Response","T3","Adaptive Governance",11,2,0.1212
"S4","Fragmented Response","T3","Adaptive Governance",12,2,0.1268
"S4","Fragmented Response","T3","Adaptive Governance",13,2,0.1324
"S4","Fragmented Response","T3","Adaptive Governance",14,2,0.1381
"S4","Fragmented Response","T3","Adaptive Governance",15,2,0.1437
"S4","Fragmented Response","T3","Adaptive Governance",16,2,0.1493
"S4","Fragmented Response","T3","Adaptive Governance",17,2,0.1549
"S4","Fragmented Response","T3","Adaptive Governance",18,2,0.1605
"S4","Fragmented Response","T3","Adaptive Governance",19,2,0.1662
"S4","Fragmented Response","T3","Adaptive Governance",20,2,0.1718
"S4","Fragmented Response","T3","Adaptive Governance",21,2,0.1774
"S4","Fragmented Response","T3","Adaptive Governance",22,2,0.183
"S4","Fragmented Response","T3","Adaptive Governance",23,2,0.1886
"S4","Fragmented Response","T3","Adaptive Governance",24,2,0.1943
"S4","Fragmented Response","T3","Adaptive Governance",25,2,0.1999
"S4","Fragmented Response","T3","Adaptive Governance",26,2,0.2055
"S4","Fragmented Response","T3","Adaptive Governance",27,2,0.2111
"S4","Fragmented Response","T3","Adaptive Governance",28,2,0.2167
"S4","Fragmented Response","T3","Adaptive Governance",29,2,0.2224
"S4","Fragmented Response","T3","Adaptive Governance",30,2,0.228
"S4","Fragmented Response","T3","Adaptive Governance",31,2,0.2336
"S4","Fragmented Response","T3","Adaptive Governance",32,2,0.2392
"S4","Fragmented Response","T3","Adaptive Governance",33,2,0.2448
"S4","Fragmented Response","T3","Adaptive Governance",34,2,0.2505
"S4","Fragmented Response","T3","Adaptive Governance",35,2,0.2561
"S4","Fragmented Response","T3","Adaptive Governance",36,2,0.2617
"S4","Fragmented Response","T3","Adaptive Governance",37,2,0.2673
"S4","Fragmented Response","T3","Adaptive Governance",38,2,0.2729
"S4","Fragmented Response","T3","Adaptive Governance",39,2,0.2786
"S4","Fragmented Response","T3","Adaptive Governance",40,2,0.2842
"S4","Fragmented Response","T4","Justice-Centered Transformation",1,1.02,0.075
"S4","Fragmented Response","T4","Justice-Centered Transformation",2,1.1146,0.0809
"S4","Fragmented Response","T4","Justice-Centered Transformation",3,1.2152,0.0868
"S4","Fragmented Response","T4","Justice-Centered Transformation",4,1.3217,0.0927
"S4","Fragmented Response","T4","Justice-Centered Transformation",5,1.434,0.0987
"S4","Fragmented Response","T4","Justice-Centered Transformation",6,1.5523,0.1046
"S4","Fragmented Response","T4","Justice-Centered Transformation",7,1.6766,0.1105
"S4","Fragmented Response","T4","Justice-Centered Transformation",8,1.7467,0.1164
"S4","Fragmented Response","T4","Justice-Centered Transformation",9,1.8827,0.1223
"S4","Fragmented Response","T4","Justice-Centered Transformation",10,2,0.1282
"S4","Fragmented Response","T4","Justice-Centered Transformation",11,2,0.1342
"S4","Fragmented Response","T4","Justice-Centered Transformation",12,2,0.1401
"S4","Fragmented Response","T4","Justice-Centered Transformation",13,2,0.146
"S4","Fragmented Response","T4","Justice-Centered Transformation",14,2,0.1519
"S4","Fragmented Response","T4","Justice-Centered Transformation",15,2,0.1578
"S4","Fragmented Response","T4","Justice-Centered Transformation",16,2,0.1637
"S4","Fragmented Response","T4","Justice-Centered Transformation",17,2,0.1697
"S4","Fragmented Response","T4","Justice-Centered Transformation",18,2,0.1756
"S4","Fragmented Response","T4","Justice-Centered Transformation",19,2,0.1815
"S4","Fragmented Response","T4","Justice-Centered Transformation",20,2,0.1874
"S4","Fragmented Response","T4","Justice-Centered Transformation",21,2,0.1933
"S4","Fragmented Response","T4","Justice-Centered Transformation",22,2,0.1992
"S4","Fragmented Response","T4","Justice-Centered Transformation",23,2,0.2052
"S4","Fragmented Response","T4","Justice-Centered Transformation",24,2,0.2111
"S4","Fragmented Response","T4","Justice-Centered Transformation",25,2,0.217
"S4","Fragmented Response","T4","Justice-Centered Transformation",26,2,0.2229
"S4","Fragmented Response","T4","Justice-Centered Transformation",27,2,0.2288
"S4","Fragmented Response","T4","Justice-Centered Transformation",28,2,0.2347
"S4","Fragmented Response","T4","Justice-Centered Transformation",29,2,0.2406
"S4","Fragmented Response","T4","Justice-Centered Transformation",30,2,0.2466
"S4","Fragmented Response","T4","Justice-Centered Transformation",31,2,0.2525
"S4","Fragmented Response","T4","Justice-Centered Transformation",32,2,0.2584
"S4","Fragmented Response","T4","Justice-Centered Transformation",33,2,0.2643
"S4","Fragmented Response","T4","Justice-Centered Transformation",34,2,0.2702
"S4","Fragmented Response","T4","Justice-Centered Transformation",35,2,0.2761
"S4","Fragmented Response","T4","Justice-Centered Transformation",36,2,0.2821
"S4","Fragmented Response","T4","Justice-Centered Transformation",37,2,0.288
"S4","Fragmented Response","T4","Justice-Centered Transformation",38,2,0.2939
"S4","Fragmented Response","T4","Justice-Centered Transformation",39,2,0.2998
"S4","Fragmented Response","T4","Justice-Centered Transformation",40,2,0.3
"S4","Fragmented Response","T5","Low-Cost Continuity",1,1.03,0.02
"S4","Fragmented Response","T5","Low-Cost Continuity",2,1.0243,0.0225
"S4","Fragmented Response","T5","Low-Cost Continuity",3,1.0212,0.025
"S4","Fragmented Response","T5","Low-Cost Continuity",4,1.0205,0.0275
"S4","Fragmented Response","T5","Low-Cost Continuity",5,1.0224,0.03
"S4","Fragmented Response","T5","Low-Cost Continuity",6,1.0267,0.0325
"S4","Fragmented Response","T5","Low-Cost Continuity",7,1.0335,0.035
"S4","Fragmented Response","T5","Low-Cost Continuity",8,0.9695,0.0375
"S4","Fragmented Response","T5","Low-Cost Continuity",9,0.9799,0.0401
"S4","Fragmented Response","T5","Low-Cost Continuity",10,0.9935,0.0427
"S4","Fragmented Response","T5","Low-Cost Continuity",11,1.0103,0.0453
"S4","Fragmented Response","T5","Low-Cost Continuity",12,1.03,0.0478
"S4","Fragmented Response","T5","Low-Cost Continuity",13,1.0521,0.0503
"S4","Fragmented Response","T5","Low-Cost Continuity",14,1.0767,0.0528
"S4","Fragmented Response","T5","Low-Cost Continuity",15,1.1038,0.0553
"S4","Fragmented Response","T5","Low-Cost Continuity",16,1.0601,0.0578
"S4","Fragmented Response","T5","Low-Cost Continuity",17,1.0922,0.0602
"S4","Fragmented Response","T5","Low-Cost Continuity",18,1.1268,0.0627
"S4","Fragmented Response","T5","Low-Cost Continuity",19,1.1639,0.0652
"S4","Fragmented Response","T5","Low-Cost Continuity",20,1.2035,0.0677
"S4","Fragmented Response","T5","Low-Cost Continuity",21,1.2455,0.0702
"S4","Fragmented Response","T5","Low-Cost Continuity",22,1.2901,0.0727
"S4","Fragmented Response","T5","Low-Cost Continuity",23,1.3372,0.0752
"S4","Fragmented Response","T5","Low-Cost Continuity",24,1.3134,0.0777
"S4","Fragmented Response","T5","Low-Cost Continuity",25,1.3654,0.0802
"S4","Fragmented Response","T5","Low-Cost Continuity",26,1.42,0.0827
"S4","Fragmented Response","T5","Low-Cost Continuity",27,1.477,0.0852
"S4","Fragmented Response","T5","Low-Cost Continuity",28,1.5366,0.0877
"S4","Fragmented Response","T5","Low-Cost Continuity",29,1.5986,0.0902
"S4","Fragmented Response","T5","Low-Cost Continuity",30,1.6631,0.0927
"S4","Fragmented Response","T5","Low-Cost Continuity",31,1.7301,0.0952
"S4","Fragmented Response","T5","Low-Cost Continuity",32,1.7263,0.0977
"S4","Fragmented Response","T5","Low-Cost Continuity",33,1.7983,0.1002
"S4","Fragmented Response","T5","Low-Cost Continuity",34,1.8728,0.1026
"S4","Fragmented Response","T5","Low-Cost Continuity",35,1.9498,0.1051
"S4","Fragmented Response","T5","Low-Cost Continuity",36,2,0.1076
"S4","Fragmented Response","T5","Low-Cost Continuity",37,2,0.1101
"S4","Fragmented Response","T5","Low-Cost Continuity",38,2,0.1126
"S4","Fragmented Response","T5","Low-Cost Continuity",39,2,0.1151
"S4","Fragmented Response","T5","Low-Cost Continuity",40,2,0.1176
"S5","Delayed Transformation","T1","Efficiency Optimization",1,1.08,0.035
"S5","Delayed Transformation","T1","Efficiency Optimization",2,1.113,0.0393
"S5","Delayed Transformation","T1","Efficiency Optimization",3,1.1502,0.0436
"S5","Delayed Transformation","T1","Efficiency Optimization",4,1.1917,0.0478
"S5","Delayed Transformation","T1","Efficiency Optimization",5,1.2375,0.0521
"S5","Delayed Transformation","T1","Efficiency Optimization",6,1.2876,0.0564
"S5","Delayed Transformation","T1","Efficiency Optimization",7,1.3419,0.0607
"S5","Delayed Transformation","T1","Efficiency Optimization",8,1.3205,0.0649
"S5","Delayed Transformation","T1","Efficiency Optimization",9,1.3834,0.0692
"S5","Delayed Transformation","T1","Efficiency Optimization",10,1.4506,0.0735
"S5","Delayed Transformation","T1","Efficiency Optimization",11,1.5221,0.0778
"S5","Delayed Transformation","T1","Efficiency Optimization",12,1.5978,0.0821
"S5","Delayed Transformation","T1","Efficiency Optimization",13,1.6778,0.0863
"S5","Delayed Transformation","T1","Efficiency Optimization",14,1.7621,0.0906
"S5","Delayed Transformation","T1","Efficiency Optimization",15,1.8507,0.0949
"S5","Delayed Transformation","T1","Efficiency Optimization",16,1.8636,0.0992
"S5","Delayed Transformation","T1","Efficiency Optimization",17,1.9607,0.1034
"S5","Delayed Transformation","T1","Efficiency Optimization",18,2,0.1077
"S5","Delayed Transformation","T1","Efficiency Optimization",19,2,0.112
"S5","Delayed Transformation","T1","Efficiency Optimization",20,2,0.1163
"S5","Delayed Transformation","T1","Efficiency Optimization",21,2,0.1206
"S5","Delayed Transformation","T1","Efficiency Optimization",22,2,0.1248
"S5","Delayed Transformation","T1","Efficiency Optimization",23,2,0.1291
"S5","Delayed Transformation","T1","Efficiency Optimization",24,2,0.1334
"S5","Delayed Transformation","T1","Efficiency Optimization",25,2,0.1377
"S5","Delayed Transformation","T1","Efficiency Optimization",26,2,0.142
"S5","Delayed Transformation","T1","Efficiency Optimization",27,2,0.1462
"S5","Delayed Transformation","T1","Efficiency Optimization",28,2,0.1505
"S5","Delayed Transformation","T1","Efficiency Optimization",29,2,0.1548
"S5","Delayed Transformation","T1","Efficiency Optimization",30,2,0.1591
"S5","Delayed Transformation","T1","Efficiency Optimization",31,2,0.1633
"S5","Delayed Transformation","T1","Efficiency Optimization",32,2,0.1676
"S5","Delayed Transformation","T1","Efficiency Optimization",33,2,0.1719
"S5","Delayed Transformation","T1","Efficiency Optimization",34,2,0.1762
"S5","Delayed Transformation","T1","Efficiency Optimization",35,2,0.1805
"S5","Delayed Transformation","T1","Efficiency Optimization",36,2,0.1847
"S5","Delayed Transformation","T1","Efficiency Optimization",37,2,0.189
"S5","Delayed Transformation","T1","Efficiency Optimization",38,2,0.1933
"S5","Delayed Transformation","T1","Efficiency Optimization",39,2,0.1976
"S5","Delayed Transformation","T1","Efficiency Optimization",40,2,0.2018
"S5","Delayed Transformation","T2","Robust Resilience Portfolio",1,1.04,0.065
"S5","Delayed Transformation","T2","Robust Resilience Portfolio",2,1.1381,0.0718
"S5","Delayed Transformation","T2","Robust Resilience Portfolio",3,1.243,0.0785
"S5","Delayed Transformation","T2","Robust Resilience Portfolio",4,1.3546,0.0853
"S5","Delayed Transformation","T2","Robust Resilience Portfolio",5,1.473,0.092
"S5","Delayed Transformation","T2","Robust Resilience Portfolio",6,1.5981,0.0988
"S5","Delayed Transformation","T2","Robust Resilience Portfolio",7,1.73,0.1055
"S5","Delayed Transformation","T2","Robust Resilience Portfolio",8,1.8087,0.1123
"S5","Delayed Transformation","T2","Robust Resilience Portfolio",9,1.9541,0.119
"S5","Delayed Transformation","T2","Robust Resilience Portfolio",10,2,0.1258
"S5","Delayed Transformation","T2","Robust Resilience Portfolio",11,2,0.1326
"S5","Delayed Transformation","T2","Robust Resilience Portfolio",12,2,0.1393
"S5","Delayed Transformation","T2","Robust Resilience Portfolio",13,2,0.1461
"S5","Delayed Transformation","T2","Robust Resilience Portfolio",14,2,0.1528
"S5","Delayed Transformation","T2","Robust Resilience Portfolio",15,2,0.1596
"S5","Delayed Transformation","T2","Robust Resilience Portfolio",16,2,0.1663
"S5","Delayed Transformation","T2","Robust Resilience Portfolio",17,2,0.1731
"S5","Delayed Transformation","T2","Robust Resilience Portfolio",18,2,0.1799
"S5","Delayed Transformation","T2","Robust Resilience Portfolio",19,2,0.1866
"S5","Delayed Transformation","T2","Robust Resilience Portfolio",20,2,0.1934
"S5","Delayed Transformation","T2","Robust Resilience Portfolio",21,2,0.2001
"S5","Delayed Transformation","T2","Robust Resilience Portfolio",22,2,0.2069
"S5","Delayed Transformation","T2","Robust Resilience Portfolio",23,2,0.2136
"S5","Delayed Transformation","T2","Robust Resilience Portfolio",24,2,0.2204
"S5","Delayed Transformation","T2","Robust Resilience Portfolio",25,2,0.2271
"S5","Delayed Transformation","T2","Robust Resilience Portfolio",26,2,0.2339
"S5","Delayed Transformation","T2","Robust Resilience Portfolio",27,2,0.2407
"S5","Delayed Transformation","T2","Robust Resilience Portfolio",28,2,0.2474
"S5","Delayed Transformation","T2","Robust Resilience Portfolio",29,2,0.2542
"S5","Delayed Transformation","T2","Robust Resilience Portfolio",30,2,0.2609
"S5","Delayed Transformation","T2","Robust Resilience Portfolio",31,2,0.2677
"S5","Delayed Transformation","T2","Robust Resilience Portfolio",32,2,0.2744
"S5","Delayed Transformation","T2","Robust Resilience Portfolio",33,2,0.2812
"S5","Delayed Transformation","T2","Robust Resilience Portfolio",34,2,0.2879
"S5","Delayed Transformation","T2","Robust Resilience Portfolio",35,2,0.2947
"S5","Delayed Transformation","T2","Robust Resilience Portfolio",36,2,0.3
"S5","Delayed Transformation","T2","Robust Resilience Portfolio",37,2,0.3
"S5","Delayed Transformation","T2","Robust Resilience Portfolio",38,2,0.3
"S5","Delayed Transformation","T2","Robust Resilience Portfolio",39,2,0.3
"S5","Delayed Transformation","T2","Robust Resilience Portfolio",40,2,0.3
"S5","Delayed Transformation","T3","Adaptive Governance",1,1.03,0.085
"S5","Delayed Transformation","T3","Adaptive Governance",2,1.1493,0.0925
"S5","Delayed Transformation","T3","Adaptive Governance",3,1.2761,0.1001
"S5","Delayed Transformation","T3","Adaptive Governance",4,1.4104,0.1076
"S5","Delayed Transformation","T3","Adaptive Governance",5,1.5523,0.1152
"S5","Delayed Transformation","T3","Adaptive Governance",6,1.7017,0.1227
"S5","Delayed Transformation","T3","Adaptive Governance",7,1.8587,0.1302
"S5","Delayed Transformation","T3","Adaptive Governance",8,1.9432,0.1378
"S5","Delayed Transformation","T3","Adaptive Governance",9,2,0.1453
"S5","Delayed Transformation","T3","Adaptive Governance",10,2,0.1529
"S5","Delayed Transformation","T3","Adaptive Governance",11,2,0.1604
"S5","Delayed Transformation","T3","Adaptive Governance",12,2,0.1679
"S5","Delayed Transformation","T3","Adaptive Governance",13,2,0.1755
"S5","Delayed Transformation","T3","Adaptive Governance",14,2,0.183
"S5","Delayed Transformation","T3","Adaptive Governance",15,2,0.1906
"S5","Delayed Transformation","T3","Adaptive Governance",16,2,0.1981
"S5","Delayed Transformation","T3","Adaptive Governance",17,2,0.2056
"S5","Delayed Transformation","T3","Adaptive Governance",18,2,0.2132
"S5","Delayed Transformation","T3","Adaptive Governance",19,2,0.2207
"S5","Delayed Transformation","T3","Adaptive Governance",20,2,0.2283
"S5","Delayed Transformation","T3","Adaptive Governance",21,2,0.2358
"S5","Delayed Transformation","T3","Adaptive Governance",22,2,0.2433
"S5","Delayed Transformation","T3","Adaptive Governance",23,2,0.2509
"S5","Delayed Transformation","T3","Adaptive Governance",24,2,0.2584
"S5","Delayed Transformation","T3","Adaptive Governance",25,2,0.266
"S5","Delayed Transformation","T3","Adaptive Governance",26,2,0.2735
"S5","Delayed Transformation","T3","Adaptive Governance",27,2,0.281
"S5","Delayed Transformation","T3","Adaptive Governance",28,2,0.2886
"S5","Delayed Transformation","T3","Adaptive Governance",29,2,0.2961
"S5","Delayed Transformation","T3","Adaptive Governance",30,2,0.3
"S5","Delayed Transformation","T3","Adaptive Governance",31,2,0.3
"S5","Delayed Transformation","T3","Adaptive Governance",32,2,0.3
"S5","Delayed Transformation","T3","Adaptive Governance",33,2,0.3
"S5","Delayed Transformation","T3","Adaptive Governance",34,2,0.3
"S5","Delayed Transformation","T3","Adaptive Governance",35,2,0.3
"S5","Delayed Transformation","T3","Adaptive Governance",36,2,0.3
"S5","Delayed Transformation","T3","Adaptive Governance",37,2,0.3
"S5","Delayed Transformation","T3","Adaptive Governance",38,2,0.3
"S5","Delayed Transformation","T3","Adaptive Governance",39,2,0.3
"S5","Delayed Transformation","T3","Adaptive Governance",40,2,0.3
"S5","Delayed Transformation","T4","Justice-Centered Transformation",1,1.02,0.095
"S5","Delayed Transformation","T4","Justice-Centered Transformation",2,1.1485,0.1029
"S5","Delayed Transformation","T4","Justice-Centered Transformation",3,1.2848,0.1109
"S5","Delayed Transformation","T4","Justice-Centered Transformation",4,1.4292,0.1188
"S5","Delayed Transformation","T4","Justice-Centered Transformation",5,1.5814,0.1267
"S5","Delayed Transformation","T4","Justice-Centered Transformation",6,1.7416,0.1347
"S5","Delayed Transformation","T4","Justice-Centered Transformation",7,1.9097,0.1426
"S5","Delayed Transformation","T4","Justice-Centered Transformation",8,2,0.1505
"S5","Delayed Transformation","T4","Justice-Centered Transformation",9,2,0.1585
"S5","Delayed Transformation","T4","Justice-Centered Transformation",10,2,0.1664
"S5","Delayed Transformation","T4","Justice-Centered Transformation",11,2,0.1743
"S5","Delayed Transformation","T4","Justice-Centered Transformation",12,2,0.1823
"S5","Delayed Transformation","T4","Justice-Centered Transformation",13,2,0.1902
"S5","Delayed Transformation","T4","Justice-Centered Transformation",14,2,0.1981
"S5","Delayed Transformation","T4","Justice-Centered Transformation",15,2,0.206
"S5","Delayed Transformation","T4","Justice-Centered Transformation",16,2,0.214
"S5","Delayed Transformation","T4","Justice-Centered Transformation",17,2,0.2219
"S5","Delayed Transformation","T4","Justice-Centered Transformation",18,2,0.2298
"S5","Delayed Transformation","T4","Justice-Centered Transformation",19,2,0.2378
"S5","Delayed Transformation","T4","Justice-Centered Transformation",20,2,0.2457
"S5","Delayed Transformation","T4","Justice-Centered Transformation",21,2,0.2536
"S5","Delayed Transformation","T4","Justice-Centered Transformation",22,2,0.2616
"S5","Delayed Transformation","T4","Justice-Centered Transformation",23,2,0.2695
"S5","Delayed Transformation","T4","Justice-Centered Transformation",24,2,0.2774
"S5","Delayed Transformation","T4","Justice-Centered Transformation",25,2,0.2854
"S5","Delayed Transformation","T4","Justice-Centered Transformation",26,2,0.2933
"S5","Delayed Transformation","T4","Justice-Centered Transformation",27,2,0.3
"S5","Delayed Transformation","T4","Justice-Centered Transformation",28,2,0.3
"S5","Delayed Transformation","T4","Justice-Centered Transformation",29,2,0.3
"S5","Delayed Transformation","T4","Justice-Centered Transformation",30,2,0.3
"S5","Delayed Transformation","T4","Justice-Centered Transformation",31,2,0.3
"S5","Delayed Transformation","T4","Justice-Centered Transformation",32,2,0.3
"S5","Delayed Transformation","T4","Justice-Centered Transformation",33,2,0.3
"S5","Delayed Transformation","T4","Justice-Centered Transformation",34,2,0.3
"S5","Delayed Transformation","T4","Justice-Centered Transformation",35,2,0.3
"S5","Delayed Transformation","T4","Justice-Centered Transformation",36,2,0.3
"S5","Delayed Transformation","T4","Justice-Centered Transformation",37,2,0.3
"S5","Delayed Transformation","T4","Justice-Centered Transformation",38,2,0.3
"S5","Delayed Transformation","T4","Justice-Centered Transformation",39,2,0.3
"S5","Delayed Transformation","T4","Justice-Centered Transformation",40,2,0.3
"S5","Delayed Transformation","T5","Low-Cost Continuity",1,1.03,0.04
"S5","Delayed Transformation","T5","Low-Cost Continuity",2,1.0565,0.0434
"S5","Delayed Transformation","T5","Low-Cost Continuity",3,1.0863,0.0467
"S5","Delayed Transformation","T5","Low-Cost Continuity",4,1.1195,0.0501
"S5","Delayed Transformation","T5","Low-Cost Continuity",5,1.1561,0.0534
"S5","Delayed Transformation","T5","Low-Cost Continuity",6,1.196,0.0568
"S5","Delayed Transformation","T5","Low-Cost Continuity",7,1.2392,0.0601
"S5","Delayed Transformation","T5","Low-Cost Continuity",8,1.2059,0.0635
"S5","Delayed Transformation","T5","Low-Cost Continuity",9,1.2558,0.0669
"S5","Delayed Transformation","T5","Low-Cost Continuity",10,1.3092,0.0702
"S5","Delayed Transformation","T5","Low-Cost Continuity",11,1.3659,0.0736
"S5","Delayed Transformation","T5","Low-Cost Continuity",12,1.4259,0.0769
"S5","Delayed Transformation","T5","Low-Cost Continuity",13,1.4894,0.0803
"S5","Delayed Transformation","T5","Low-Cost Continuity",14,1.5561,0.0837
"S5","Delayed Transformation","T5","Low-Cost Continuity",15,1.6263,0.087
"S5","Delayed Transformation","T5","Low-Cost Continuity",16,1.6198,0.0904
"S5","Delayed Transformation","T5","Low-Cost Continuity",17,1.6966,0.0937
"S5","Delayed Transformation","T5","Low-Cost Continuity",18,1.7768,0.0971
"S5","Delayed Transformation","T5","Low-Cost Continuity",19,1.8604,0.1004
"S5","Delayed Transformation","T5","Low-Cost Continuity",20,1.9473,0.1038
"S5","Delayed Transformation","T5","Low-Cost Continuity",21,2,0.1072
"S5","Delayed Transformation","T5","Low-Cost Continuity",22,2,0.1105
"S5","Delayed Transformation","T5","Low-Cost Continuity",23,2,0.1139
"S5","Delayed Transformation","T5","Low-Cost Continuity",24,2,0.1172
"S5","Delayed Transformation","T5","Low-Cost Continuity",25,2,0.1206
"S5","Delayed Transformation","T5","Low-Cost Continuity",26,2,0.124
"S5","Delayed Transformation","T5","Low-Cost Continuity",27,2,0.1273
"S5","Delayed Transformation","T5","Low-Cost Continuity",28,2,0.1307
"S5","Delayed Transformation","T5","Low-Cost Continuity",29,2,0.134
"S5","Delayed Transformation","T5","Low-Cost Continuity",30,2,0.1374
"S5","Delayed Transformation","T5","Low-Cost Continuity",31,2,0.1407
"S5","Delayed Transformation","T5","Low-Cost Continuity",32,2,0.1441
"S5","Delayed Transformation","T5","Low-Cost Continuity",33,2,0.1475
"S5","Delayed Transformation","T5","Low-Cost Continuity",34,2,0.1508
"S5","Delayed Transformation","T5","Low-Cost Continuity",35,2,0.1542
"S5","Delayed Transformation","T5","Low-Cost Continuity",36,2,0.1575
"S5","Delayed Transformation","T5","Low-Cost Continuity",37,2,0.1609
"S5","Delayed Transformation","T5","Low-Cost Continuity",38,2,0.1642
"S5","Delayed Transformation","T5","Low-Cost Continuity",39,2,0.1676
"S5","Delayed Transformation","T5","Low-Cost Continuity",40,2,0.171
"S6","Public Resilience Compact","T1","Efficiency Optimization",1,1.08,0.07
"S6","Public Resilience Compact","T1","Efficiency Optimization",2,1.1846,0.0761
"S6","Public Resilience Compact","T1","Efficiency Optimization",3,1.2952,0.0821
"S6","Public Resilience Compact","T1","Efficiency Optimization",4,1.4119,0.0882
"S6","Public Resilience Compact","T1","Efficiency Optimization",5,1.5346,0.0943
"S6","Public Resilience Compact","T1","Efficiency Optimization",6,1.6635,0.1004
"S6","Public Resilience Compact","T1","Efficiency Optimization",7,1.7984,0.1064
"S6","Public Resilience Compact","T1","Efficiency Optimization",8,1.8894,0.1125
"S6","Public Resilience Compact","T1","Efficiency Optimization",9,2,0.1186
"S6","Public Resilience Compact","T1","Efficiency Optimization",10,2,0.1246
"S6","Public Resilience Compact","T1","Efficiency Optimization",11,2,0.1307
"S6","Public Resilience Compact","T1","Efficiency Optimization",12,2,0.1368
"S6","Public Resilience Compact","T1","Efficiency Optimization",13,2,0.1429
"S6","Public Resilience Compact","T1","Efficiency Optimization",14,2,0.1489
"S6","Public Resilience Compact","T1","Efficiency Optimization",15,2,0.155
"S6","Public Resilience Compact","T1","Efficiency Optimization",16,2,0.1611
"S6","Public Resilience Compact","T1","Efficiency Optimization",17,2,0.1672
"S6","Public Resilience Compact","T1","Efficiency Optimization",18,2,0.1732
"S6","Public Resilience Compact","T1","Efficiency Optimization",19,2,0.1793
"S6","Public Resilience Compact","T1","Efficiency Optimization",20,2,0.1854
"S6","Public Resilience Compact","T1","Efficiency Optimization",21,2,0.1914
"S6","Public Resilience Compact","T1","Efficiency Optimization",22,2,0.1975
"S6","Public Resilience Compact","T1","Efficiency Optimization",23,2,0.2036
"S6","Public Resilience Compact","T1","Efficiency Optimization",24,2,0.2097
"S6","Public Resilience Compact","T1","Efficiency Optimization",25,2,0.2157
"S6","Public Resilience Compact","T1","Efficiency Optimization",26,2,0.2218
"S6","Public Resilience Compact","T1","Efficiency Optimization",27,2,0.2279
"S6","Public Resilience Compact","T1","Efficiency Optimization",28,2,0.2339
"S6","Public Resilience Compact","T1","Efficiency Optimization",29,2,0.24
"S6","Public Resilience Compact","T1","Efficiency Optimization",30,2,0.2461
"S6","Public Resilience Compact","T1","Efficiency Optimization",31,2,0.2522
"S6","Public Resilience Compact","T1","Efficiency Optimization",32,2,0.2582
"S6","Public Resilience Compact","T1","Efficiency Optimization",33,2,0.2643
"S6","Public Resilience Compact","T1","Efficiency Optimization",34,2,0.2704
"S6","Public Resilience Compact","T1","Efficiency Optimization",35,2,0.2764
"S6","Public Resilience Compact","T1","Efficiency Optimization",36,2,0.2825
"S6","Public Resilience Compact","T1","Efficiency Optimization",37,2,0.2886
"S6","Public Resilience Compact","T1","Efficiency Optimization",38,2,0.2947
"S6","Public Resilience Compact","T1","Efficiency Optimization",39,2,0.3
"S6","Public Resilience Compact","T1","Efficiency Optimization",40,2,0.3
"S6","Public Resilience Compact","T2","Robust Resilience Portfolio",1,1.04,0.1
"S6","Public Resilience Compact","T2","Robust Resilience Portfolio",2,1.1859,0.1096
"S6","Public Resilience Compact","T2","Robust Resilience Portfolio",3,1.3414,0.1191
"S6","Public Resilience Compact","T2","Robust Resilience Portfolio",4,1.5065,0.1287
"S6","Public Resilience Compact","T2","Robust Resilience Portfolio",5,1.6811,0.1383
"S6","Public Resilience Compact","T2","Robust Resilience Portfolio",6,1.8653,0.1478
"S6","Public Resilience Compact","T2","Robust Resilience Portfolio",7,2,0.1574
"S6","Public Resilience Compact","T2","Robust Resilience Portfolio",8,2,0.1669
"S6","Public Resilience Compact","T2","Robust Resilience Portfolio",9,2,0.1765
"S6","Public Resilience Compact","T2","Robust Resilience Portfolio",10,2,0.1861
"S6","Public Resilience Compact","T2","Robust Resilience Portfolio",11,2,0.1956
"S6","Public Resilience Compact","T2","Robust Resilience Portfolio",12,2,0.2052
"S6","Public Resilience Compact","T2","Robust Resilience Portfolio",13,2,0.2148
"S6","Public Resilience Compact","T2","Robust Resilience Portfolio",14,2,0.2243
"S6","Public Resilience Compact","T2","Robust Resilience Portfolio",15,2,0.2339
"S6","Public Resilience Compact","T2","Robust Resilience Portfolio",16,2,0.2435
"S6","Public Resilience Compact","T2","Robust Resilience Portfolio",17,2,0.253
"S6","Public Resilience Compact","T2","Robust Resilience Portfolio",18,2,0.2626
"S6","Public Resilience Compact","T2","Robust Resilience Portfolio",19,2,0.2722
"S6","Public Resilience Compact","T2","Robust Resilience Portfolio",20,2,0.2817
"S6","Public Resilience Compact","T2","Robust Resilience Portfolio",21,2,0.2913
"S6","Public Resilience Compact","T2","Robust Resilience Portfolio",22,2,0.3
"S6","Public Resilience Compact","T2","Robust Resilience Portfolio",23,2,0.3
"S6","Public Resilience Compact","T2","Robust Resilience Portfolio",24,2,0.3
"S6","Public Resilience Compact","T2","Robust Resilience Portfolio",25,2,0.3
"S6","Public Resilience Compact","T2","Robust Resilience Portfolio",26,2,0.3
"S6","Public Resilience Compact","T2","Robust Resilience Portfolio",27,2,0.3
"S6","Public Resilience Compact","T2","Robust Resilience Portfolio",28,2,0.3
"S6","Public Resilience Compact","T2","Robust Resilience Portfolio",29,2,0.3
"S6","Public Resilience Compact","T2","Robust Resilience Portfolio",30,2,0.3
"S6","Public Resilience Compact","T2","Robust Resilience Portfolio",31,2,0.3
"S6","Public Resilience Compact","T2","Robust Resilience Portfolio",32,2,0.3
"S6","Public Resilience Compact","T2","Robust Resilience Portfolio",33,2,0.3
"S6","Public Resilience Compact","T2","Robust Resilience Portfolio",34,2,0.3
"S6","Public Resilience Compact","T2","Robust Resilience Portfolio",35,2,0.3
"S6","Public Resilience Compact","T2","Robust Resilience Portfolio",36,2,0.3
"S6","Public Resilience Compact","T2","Robust Resilience Portfolio",37,2,0.3
"S6","Public Resilience Compact","T2","Robust Resilience Portfolio",38,2,0.3
"S6","Public Resilience Compact","T2","Robust Resilience Portfolio",39,2,0.3
"S6","Public Resilience Compact","T2","Robust Resilience Portfolio",40,2,0.3
"S6","Public Resilience Compact","T3","Adaptive Governance",1,1.03,0.12
"S6","Public Resilience Compact","T3","Adaptive Governance",2,1.1974,0.1307
"S6","Public Resilience Compact","T3","Adaptive Governance",3,1.3754,0.1413
"S6","Public Resilience Compact","T3","Adaptive Governance",4,1.5641,0.152
"S6","Public Resilience Compact","T3","Adaptive Governance",5,1.7635,0.1626
"S6","Public Resilience Compact","T3","Adaptive Governance",6,1.9735,0.1733
"S6","Public Resilience Compact","T3","Adaptive Governance",7,2,0.184
"S6","Public Resilience Compact","T3","Adaptive Governance",8,2,0.1946
"S6","Public Resilience Compact","T3","Adaptive Governance",9,2,0.2053
"S6","Public Resilience Compact","T3","Adaptive Governance",10,2,0.2159
"S6","Public Resilience Compact","T3","Adaptive Governance",11,2,0.2266
"S6","Public Resilience Compact","T3","Adaptive Governance",12,2,0.2373
"S6","Public Resilience Compact","T3","Adaptive Governance",13,2,0.2479
"S6","Public Resilience Compact","T3","Adaptive Governance",14,2,0.2586
"S6","Public Resilience Compact","T3","Adaptive Governance",15,2,0.2692
"S6","Public Resilience Compact","T3","Adaptive Governance",16,2,0.2799
"S6","Public Resilience Compact","T3","Adaptive Governance",17,2,0.2906
"S6","Public Resilience Compact","T3","Adaptive Governance",18,2,0.3
"S6","Public Resilience Compact","T3","Adaptive Governance",19,2,0.3
"S6","Public Resilience Compact","T3","Adaptive Governance",20,2,0.3
"S6","Public Resilience Compact","T3","Adaptive Governance",21,2,0.3
"S6","Public Resilience Compact","T3","Adaptive Governance",22,2,0.3
"S6","Public Resilience Compact","T3","Adaptive Governance",23,2,0.3
"S6","Public Resilience Compact","T3","Adaptive Governance",24,2,0.3
"S6","Public Resilience Compact","T3","Adaptive Governance",25,2,0.3
"S6","Public Resilience Compact","T3","Adaptive Governance",26,2,0.3
"S6","Public Resilience Compact","T3","Adaptive Governance",27,2,0.3
"S6","Public Resilience Compact","T3","Adaptive Governance",28,2,0.3
"S6","Public Resilience Compact","T3","Adaptive Governance",29,2,0.3
"S6","Public Resilience Compact","T3","Adaptive Governance",30,2,0.3
"S6","Public Resilience Compact","T3","Adaptive Governance",31,2,0.3
"S6","Public Resilience Compact","T3","Adaptive Governance",32,2,0.3
"S6","Public Resilience Compact","T3","Adaptive Governance",33,2,0.3
"S6","Public Resilience Compact","T3","Adaptive Governance",34,2,0.3
"S6","Public Resilience Compact","T3","Adaptive Governance",35,2,0.3
"S6","Public Resilience Compact","T3","Adaptive Governance",36,2,0.3
"S6","Public Resilience Compact","T3","Adaptive Governance",37,2,0.3
"S6","Public Resilience Compact","T3","Adaptive Governance",38,2,0.3
"S6","Public Resilience Compact","T3","Adaptive Governance",39,2,0.3
"S6","Public Resilience Compact","T3","Adaptive Governance",40,2,0.3
"S6","Public Resilience Compact","T4","Justice-Centered Transformation",1,1.02,0.13
"S6","Public Resilience Compact","T4","Justice-Centered Transformation",2,1.1967,0.1412
"S6","Public Resilience Compact","T4","Justice-Centered Transformation",3,1.3847,0.1524
"S6","Public Resilience Compact","T4","Justice-Centered Transformation",4,1.5838,0.1636
"S6","Public Resilience Compact","T4","Justice-Centered Transformation",5,1.7942,0.1748
"S6","Public Resilience Compact","T4","Justice-Centered Transformation",6,2,0.186
"S6","Public Resilience Compact","T4","Justice-Centered Transformation",7,2,0.1972
"S6","Public Resilience Compact","T4","Justice-Centered Transformation",8,2,0.2085
"S6","Public Resilience Compact","T4","Justice-Centered Transformation",9,2,0.2197
"S6","Public Resilience Compact","T4","Justice-Centered Transformation",10,2,0.2309
"S6","Public Resilience Compact","T4","Justice-Centered Transformation",11,2,0.2421
"S6","Public Resilience Compact","T4","Justice-Centered Transformation",12,2,0.2533
"S6","Public Resilience Compact","T4","Justice-Centered Transformation",13,2,0.2645
"S6","Public Resilience Compact","T4","Justice-Centered Transformation",14,2,0.2757
"S6","Public Resilience Compact","T4","Justice-Centered Transformation",15,2,0.2869
"S6","Public Resilience Compact","T4","Justice-Centered Transformation",16,2,0.2981
"S6","Public Resilience Compact","T4","Justice-Centered Transformation",17,2,0.3
"S6","Public Resilience Compact","T4","Justice-Centered Transformation",18,2,0.3
"S6","Public Resilience Compact","T4","Justice-Centered Transformation",19,2,0.3
"S6","Public Resilience Compact","T4","Justice-Centered Transformation",20,2,0.3
"S6","Public Resilience Compact","T4","Justice-Centered Transformation",21,2,0.3
"S6","Public Resilience Compact","T4","Justice-Centered Transformation",22,2,0.3
"S6","Public Resilience Compact","T4","Justice-Centered Transformation",23,2,0.3
"S6","Public Resilience Compact","T4","Justice-Centered Transformation",24,2,0.3
"S6","Public Resilience Compact","T4","Justice-Centered Transformation",25,2,0.3
"S6","Public Resilience Compact","T4","Justice-Centered Transformation",26,2,0.3
"S6","Public Resilience Compact","T4","Justice-Centered Transformation",27,2,0.3
"S6","Public Resilience Compact","T4","Justice-Centered Transformation",28,2,0.3
"S6","Public Resilience Compact","T4","Justice-Centered Transformation",29,2,0.3
"S6","Public Resilience Compact","T4","Justice-Centered Transformation",30,2,0.3
"S6","Public Resilience Compact","T4","Justice-Centered Transformation",31,2,0.3
"S6","Public Resilience Compact","T4","Justice-Centered Transformation",32,2,0.3
"S6","Public Resilience Compact","T4","Justice-Centered Transformation",33,2,0.3
"S6","Public Resilience Compact","T4","Justice-Centered Transformation",34,2,0.3
"S6","Public Resilience Compact","T4","Justice-Centered Transformation",35,2,0.3
"S6","Public Resilience Compact","T4","Justice-Centered Transformation",36,2,0.3
"S6","Public Resilience Compact","T4","Justice-Centered Transformation",37,2,0.3
"S6","Public Resilience Compact","T4","Justice-Centered Transformation",38,2,0.3
"S6","Public Resilience Compact","T4","Justice-Centered Transformation",39,2,0.3
"S6","Public Resilience Compact","T4","Justice-Centered Transformation",40,2,0.3
"S6","Public Resilience Compact","T5","Low-Cost Continuity",1,1.03,0.075
"S6","Public Resilience Compact","T5","Low-Cost Continuity",2,1.1277,0.0798
"S6","Public Resilience Compact","T5","Low-Cost Continuity",3,1.2301,0.0845
"S6","Public Resilience Compact","T5","Low-Cost Continuity",4,1.3373,0.0893
"S6","Public Resilience Compact","T5","Low-Cost Continuity",5,1.4493,0.094
"S6","Public Resilience Compact","T5","Low-Cost Continuity",6,1.566,0.0988
"S6","Public Resilience Compact","T5","Low-Cost Continuity",7,1.6875,0.1036
"S6","Public Resilience Compact","T5","Low-Cost Continuity",8,1.7638,0.1083
"S6","Public Resilience Compact","T5","Low-Cost Continuity",9,1.8948,0.1131
"S6","Public Resilience Compact","T5","Low-Cost Continuity",10,2,0.1179
"S6","Public Resilience Compact","T5","Low-Cost Continuity",11,2,0.1226
"S6","Public Resilience Compact","T5","Low-Cost Continuity",12,2,0.1274
"S6","Public Resilience Compact","T5","Low-Cost Continuity",13,2,0.1321
"S6","Public Resilience Compact","T5","Low-Cost Continuity",14,2,0.1369
"S6","Public Resilience Compact","T5","Low-Cost Continuity",15,2,0.1417
"S6","Public Resilience Compact","T5","Low-Cost Continuity",16,2,0.1464
"S6","Public Resilience Compact","T5","Low-Cost Continuity",17,2,0.1512
"S6","Public Resilience Compact","T5","Low-Cost Continuity",18,2,0.156
"S6","Public Resilience Compact","T5","Low-Cost Continuity",19,2,0.1607
"S6","Public Resilience Compact","T5","Low-Cost Continuity",20,2,0.1655
"S6","Public Resilience Compact","T5","Low-Cost Continuity",21,2,0.1702
"S6","Public Resilience Compact","T5","Low-Cost Continuity",22,2,0.175
"S6","Public Resilience Compact","T5","Low-Cost Continuity",23,2,0.1798
"S6","Public Resilience Compact","T5","Low-Cost Continuity",24,2,0.1845
"S6","Public Resilience Compact","T5","Low-Cost Continuity",25,2,0.1893
"S6","Public Resilience Compact","T5","Low-Cost Continuity",26,2,0.1941
"S6","Public Resilience Compact","T5","Low-Cost Continuity",27,2,0.1988
"S6","Public Resilience Compact","T5","Low-Cost Continuity",28,2,0.2036
"S6","Public Resilience Compact","T5","Low-Cost Continuity",29,2,0.2083
"S6","Public Resilience Compact","T5","Low-Cost Continuity",30,2,0.2131
"S6","Public Resilience Compact","T5","Low-Cost Continuity",31,2,0.2179
"S6","Public Resilience Compact","T5","Low-Cost Continuity",32,2,0.2226
"S6","Public Resilience Compact","T5","Low-Cost Continuity",33,2,0.2274
"S6","Public Resilience Compact","T5","Low-Cost Continuity",34,2,0.2321
"S6","Public Resilience Compact","T5","Low-Cost Continuity",35,2,0.2369
"S6","Public Resilience Compact","T5","Low-Cost Continuity",36,2,0.2417
"S6","Public Resilience Compact","T5","Low-Cost Continuity",37,2,0.2464
"S6","Public Resilience Compact","T5","Low-Cost Continuity",38,2,0.2512
"S6","Public Resilience Compact","T5","Low-Cost Continuity",39,2,0.256
"S6","Public Resilience Compact","T5","Low-Cost Continuity",40,2,0.2607
