tradition_id,tradition,period,methodological_discipline,institutional_power,participatory_depth,ethical_reflection,systems_orientation,reflective_foresight_score,power_risk_score,interpretive_note,description
T9,Decolonial and Indigenous Futures,late_20th_century_to_modern,0.7,0.36,0.88,0.94,0.72,0.81,0.0026,Lower power risk or stronger reflective safeguards,Challenges colonial progress narratives and centers land memory sovereignty and relational responsibility.
T8,Participatory and Democratic Futures,late_20th_century_to_modern,0.68,0.42,0.92,0.86,0.64,0.775,0.0047,Lower power risk or stronger reflective safeguards,Centers public participation plural knowledge democratic legitimacy and collective imagination.
T5,Systems and Ecological Futures,postwar_to_modern,0.88,0.74,0.42,0.68,0.96,0.735,0.1373,Lower power risk or stronger reflective safeguards,Centers feedback limits thresholds resilience and planetary constraint.
T7,Critical and Cultural Futures,late_20th_century_to_modern,0.72,0.48,0.62,0.9,0.58,0.705,0.0182,Lower power risk or stronger reflective safeguards,Examines narratives worldviews metaphors ideology and power in future-making.
T4,Military and Strategic Planning,world_war_to_cold_war,0.9,0.94,0.2,0.36,0.76,0.555,0.4813,High institutional power risk,Develops scenario analysis systems analysis and strategic planning under uncertainty.
T6,Corporate Scenario Planning,1970s_to_modern,0.82,0.86,0.28,0.44,0.66,0.55,0.3468,High institutional power risk,Uses scenarios and foresight for organizational strategy and market uncertainty.
T3,Technological and Scientific Futures,industrial_to_modern,0.74,0.7,0.3,0.48,0.62,0.535,0.2548,High institutional power risk,Links science technology infrastructure and innovation to future transformation.
T2,Utopian and Reform Futures,early_modern_to_modern,0.48,0.46,0.5,0.7,0.38,0.515,0.069,Lower power risk or stronger reflective safeguards,Imagines alternative social arrangements to critique existing institutions.
T1,Prophetic and Warning Futures,ancient_to_modern,0.42,0.62,0.38,0.78,0.44,0.505,0.0846,Lower power risk or stronger reflective safeguards,Uses future warning moral critique and consequence to shape present action.
