pathway_id,profile_id,scenario_id,pathway_name,time_step,hope,dread,agency,trust,future_fatigue,repair_capacity,polarization,narrative_accountability,mobilization_score,paralysis_risk_score,disciplined_hope_score,fear_politics_risk_score
AFP1,FEP1,FPS1,Disciplined Hope Democracy Pathway,1,0.78,0.54,0.82,0.72,0.3,0.76,0.34,0.84,0.6359,0.0272,0.694,0.3324
AFP1,FEP1,FPS1,Disciplined Hope Democracy Pathway,2,0.8057,0.5311,0.8302,0.7308,0.288,0.7724,0.3291,0.8525,0.6661,0.0243,0.7085,0.3218
AFP1,FEP1,FPS1,Disciplined Hope Democracy Pathway,3,0.8319,0.5218,0.8409,0.742,0.2757,0.7851,0.3178,0.8652,0.6981,0.0214,0.7234,0.3109
AFP1,FEP1,FPS1,Disciplined Hope Democracy Pathway,4,0.8588,0.5121,0.852,0.7533,0.2631,0.7981,0.3064,0.878,0.732,0.0187,0.7387,0.2997
AFP1,FEP1,FPS1,Disciplined Hope Democracy Pathway,5,0.8863,0.502,0.8636,0.765,0.2501,0.8113,0.2946,0.891,0.768,0.0161,0.7543,0.2881
AFP1,FEP1,FPS1,Disciplined Hope Democracy Pathway,6,0.9144,0.4915,0.8757,0.777,0.2368,0.8249,0.2825,0.9042,0.806,0.0136,0.7703,0.2762
AFP1,FEP1,FPS1,Disciplined Hope Democracy Pathway,7,0.9431,0.4806,0.8882,0.7892,0.223,0.8387,0.2702,0.9177,0.8464,0.0113,0.7868,0.264
AFP1,FEP1,FPS1,Disciplined Hope Democracy Pathway,8,0.9724,0.4873,0.9012,0.8018,0.2091,0.8529,0.2576,0.9313,0.8962,0.0095,0.8036,0.2557
AFP1,FEP1,FPS1,Disciplined Hope Democracy Pathway,9,1.0024,0.4755,0.9146,0.8146,0.1947,0.8674,0.2448,0.9451,0.9417,0.0075,0.8208,0.2428
AFP1,FEP1,FPS1,Disciplined Hope Democracy Pathway,10,1.0337,0.4632,0.9437,0.8428,0.1796,0.8975,0.2314,0.9744,1.0248,0.0041,0.8493,0.223
AFP1,FEP1,FPS1,Disciplined Hope Democracy Pathway,11,1.0657,0.4503,0.9585,0.8566,0.164,0.913,0.2176,0.9889,1.0783,0.0027,0.8678,0.2089
AFP1,FEP1,FPS1,Disciplined Hope Democracy Pathway,12,1.0985,0.4368,0.9739,0.8706,0.148,0.9288,0.2035,1.0037,1.1352,0.0015,0.8868,0.1948
AFP1,FEP1,FPS1,Disciplined Hope Democracy Pathway,13,1.1318,0.4228,0.9898,0.8711,0.1456,0.9448,0.1891,1.0185,1.1762,0.0006,0.9029,0.1854
AFP1,FEP1,FPS1,Disciplined Hope Democracy Pathway,14,1.1659,0.4085,1.0061,0.8857,0.1288,0.9612,0.1745,1.0336,1.2391,0.0,0.9226,0.1724
AFP1,FEP1,FPS1,Disciplined Hope Democracy Pathway,15,1.2008,0.3937,1.023,0.9008,0.1114,0.9779,0.1594,1.049,1.306,0.0,0.9429,0.1608
AFP1,FEP1,FPS1,Disciplined Hope Democracy Pathway,16,1.2364,0.3963,1.0404,0.9162,0.0937,0.9951,0.1441,1.0647,1.3863,0.0,0.9637,0.1532
AFP1,FEP1,FPS1,Disciplined Hope Democracy Pathway,17,1.2729,0.3804,1.0584,0.932,0.0755,1.0127,0.1404,1.0806,1.462,0.0,0.9846,0.1435
AFP1,FEP1,FPS1,Disciplined Hope Democracy Pathway,18,1.3103,0.3639,1.0771,0.9481,0.0568,1.0307,0.1244,1.0968,1.5425,0.0,1.0065,0.1309
AFP1,FEP1,FPS1,Disciplined Hope Democracy Pathway,19,1.3486,0.3469,1.0965,0.9647,0.0374,1.0491,0.1079,1.1133,1.6282,0.0,1.0289,0.1178
AFP1,FEP1,FPS1,Disciplined Hope Democracy Pathway,20,1.3884,0.3292,1.1317,0.9966,0.0172,1.0833,0.0907,1.1453,1.7701,0.0,1.0627,0.1016
AFP1,FEP1,FPS1,Disciplined Hope Democracy Pathway,21,1.4291,0.3107,1.1528,1.0142,0.0,1.103,0.0732,1.1626,1.8707,0.0,1.0864,0.0907
AFP1,FEP1,FPS1,Disciplined Hope Democracy Pathway,22,1.4707,0.2915,1.1746,1.0322,0.0,1.123,0.0551,1.1803,1.9775,0.0,1.1099,0.0821
AFP1,FEP1,FPS1,Disciplined Hope Democracy Pathway,23,1.5131,0.2718,1.1969,1.0505,0.0,1.1434,0.0367,1.1983,2.0906,0.0,1.1338,0.0733
AFP1,FEP1,FPS1,Disciplined Hope Democracy Pathway,24,1.5563,0.2696,1.2197,1.0692,0.0,1.1641,0.0179,1.2166,2.2229,0.0,1.1582,0.0686
AFP1,FEP1,FPS1,Disciplined Hope Democracy Pathway,25,1.6003,0.249,1.2431,1.0881,0.0,1.1852,0.0,1.2352,2.3499,0.0,1.183,0.0598
AFP1,FEP1,FPS1,Disciplined Hope Democracy Pathway,26,1.6452,0.2278,1.2669,1.0934,0.0,1.2067,0.0,1.254,2.4524,0.0,1.2051,0.0547
AFP1,FEP1,FPS1,Disciplined Hope Democracy Pathway,27,1.6909,0.2064,1.2913,1.113,0.0,1.2285,0.0,1.2733,2.5,0.0,1.2303,0.0495
AFP1,FEP1,FPS1,Disciplined Hope Democracy Pathway,28,1.7375,0.1846,1.3162,1.1329,0.0,1.2507,0.0,1.2929,2.5,0.0,1.256,0.0443
AFP1,FEP1,FPS1,Disciplined Hope Democracy Pathway,29,1.7851,0.1624,1.3418,1.1531,0.0,1.2733,0.0,1.3128,2.5,0.0,1.2822,0.039
AFP1,FEP1,FPS1,Disciplined Hope Democracy Pathway,30,1.8,0.1397,1.3831,1.1888,0.0,1.3117,0.0,1.3484,2.5,0.0,1.3122,0.0335
AFP1,FEP1,FPS1,Disciplined Hope Democracy Pathway,31,1.8,0.1164,1.4102,1.21,0.0,1.3355,0.0,1.3694,2.5,0.0,1.3288,0.0279
AFP1,FEP1,FPS1,Disciplined Hope Democracy Pathway,32,1.8,0.1106,1.4379,1.2315,0.0,1.3597,0.0,1.3907,2.5,0.0,1.3457,0.0265
AFP1,FEP1,FPS1,Disciplined Hope Democracy Pathway,33,1.8,0.0864,1.4663,1.2535,0.0,1.3844,0.0,1.4125,2.5,0.0,1.3629,0.0207
AFP1,FEP1,FPS1,Disciplined Hope Democracy Pathway,34,1.8,0.0617,1.4953,1.2758,0.0,1.4095,0.0,1.4346,2.5,0.0,1.3805,0.0148
AFP1,FEP1,FPS1,Disciplined Hope Democracy Pathway,35,1.8,0.0365,1.5249,1.2985,0.0,1.4352,0.0,1.4572,2.5,0.0,1.3984,0.0088
AFP1,FEP1,FPS1,Disciplined Hope Democracy Pathway,36,1.8,0.0109,1.5553,1.3216,0.0,1.4613,0.0,1.4802,2.5,0.0,1.4167,0.0026
AFP1,FEP1,FPS1,Disciplined Hope Democracy Pathway,37,1.8,0.0,1.5863,1.3451,0.0,1.4879,0.0,1.5037,2.5,0.0,1.4354,0.0
AFP1,FEP1,FPS1,Disciplined Hope Democracy Pathway,38,1.8,0.0,1.6178,1.369,0.0,1.5151,0.0,1.5276,2.5,0.0,1.4544,0.0
AFP1,FEP1,FPS1,Disciplined Hope Democracy Pathway,39,1.8,0.0,1.6498,1.3793,0.0,1.5426,0.0,1.5517,2.5,0.0,1.4711,0.0
AFP1,FEP1,FPS1,Disciplined Hope Democracy Pathway,40,1.8,0.0,1.6975,1.419,0.0,1.5859,0.0,1.5917,2.5,0.0,1.5013,0.0
AFP2,FEP2,FPS2,Apocalyptic Paralysis Pathway,1,0.18,0.9,0.22,0.2,0.82,0.2,0.6,0.28,0.0297,0.5616,0.1346,0.7728
AFP2,FEP2,FPS2,Apocalyptic Paralysis Pathway,2,0.178,0.908,0.2107,0.1988,0.8246,0.1988,0.6012,0.2833,0.0284,0.5742,0.1318,0.777
AFP2,FEP2,FPS2,Apocalyptic Paralysis Pathway,3,0.1758,0.9162,0.2014,0.1975,0.8293,0.1974,0.6024,0.2865,0.027,0.5872,0.1289,0.7812
AFP2,FEP2,FPS2,Apocalyptic Paralysis Pathway,4,0.1733,0.9245,0.1918,0.1962,0.8343,0.1958,0.6037,0.2896,0.0257,0.6005,0.1258,0.7856
AFP2,FEP2,FPS2,Apocalyptic Paralysis Pathway,5,0.1707,0.9329,0.1822,0.1949,0.8395,0.1942,0.605,0.2926,0.0243,0.6143,0.1227,0.7901
AFP2,FEP2,FPS2,Apocalyptic Paralysis Pathway,6,0.1679,0.9416,0.1724,0.1936,0.8449,0.1924,0.6064,0.2955,0.0229,0.6284,0.1194,0.7947
AFP2,FEP2,FPS2,Apocalyptic Paralysis Pathway,7,0.1649,0.9504,0.1625,0.1922,0.8506,0.1905,0.6077,0.2984,0.0215,0.643,0.1159,0.7994
AFP2,FEP2,FPS2,Apocalyptic Paralysis Pathway,8,0.1615,0.9774,0.1523,0.1908,0.8566,0.1884,0.6093,0.3011,0.0203,0.6704,0.1123,0.8086
AFP2,FEP2,FPS2,Apocalyptic Paralysis Pathway,9,0.158,0.9866,0.142,0.1893,0.8629,0.1861,0.6109,0.3037,0.0188,0.6862,0.1086,0.8136
AFP2,FEP2,FPS2,Apocalyptic Paralysis Pathway,10,0.1547,0.9959,0.1467,0.2028,0.869,0.199,0.6123,0.3215,0.0209,0.6775,0.1154,0.8123
AFP2,FEP2,FPS2,Apocalyptic Paralysis Pathway,11,0.1513,1.0052,0.1363,0.2015,0.8754,0.1967,0.6137,0.3242,0.0193,0.6932,0.1117,0.8173
AFP2,FEP2,FPS2,Apocalyptic Paralysis Pathway,12,0.1476,1.0147,0.1259,0.2002,0.8821,0.1943,0.6152,0.3269,0.0178,0.7094,0.1078,0.8224
AFP2,FEP2,FPS2,Apocalyptic Paralysis Pathway,13,0.1434,1.0243,0.1151,0.1848,0.9031,0.1915,0.6168,0.3292,0.015,0.7389,0.1004,0.8319
AFP2,FEP2,FPS2,Apocalyptic Paralysis Pathway,14,0.1389,1.0344,0.104,0.1833,0.9103,0.1885,0.6185,0.3315,0.0135,0.757,0.0961,0.8374
AFP2,FEP2,FPS2,Apocalyptic Paralysis Pathway,15,0.1342,1.0447,0.0927,0.1817,0.9179,0.1854,0.6203,0.3337,0.0119,0.7757,0.0915,0.8431
AFP2,FEP2,FPS2,Apocalyptic Paralysis Pathway,16,0.1291,1.0732,0.0811,0.1801,0.9258,0.1821,0.6223,0.3358,0.0105,0.8087,0.0868,0.8533
AFP2,FEP2,FPS2,Apocalyptic Paralysis Pathway,17,0.1237,1.084,0.0693,0.1783,0.934,0.1786,0.6363,0.3377,0.0089,0.829,0.0814,0.862
AFP2,FEP2,FPS2,Apocalyptic Paralysis Pathway,18,0.118,1.095,0.0573,0.1765,0.9425,0.175,0.6384,0.3396,0.0073,0.8501,0.0763,0.8682
AFP2,FEP2,FPS2,Apocalyptic Paralysis Pathway,19,0.112,1.1063,0.0451,0.1747,0.9513,0.1711,0.6405,0.3414,0.0057,0.8719,0.071,0.8746
AFP2,FEP2,FPS2,Apocalyptic Paralysis Pathway,20,0.1063,1.1178,0.0478,0.1877,0.96,0.1823,0.6425,0.3582,0.0065,0.8646,0.0762,0.8747
AFP2,FEP2,FPS2,Apocalyptic Paralysis Pathway,21,0.1003,1.1293,0.0355,0.1859,0.9691,0.1783,0.6445,0.36,0.0048,0.8867,0.0708,0.8812
AFP2,FEP2,FPS2,Apocalyptic Paralysis Pathway,22,0.0939,1.141,0.0229,0.1841,0.9783,0.1742,0.6467,0.3617,0.003,0.9097,0.0653,0.8878
AFP2,FEP2,FPS2,Apocalyptic Paralysis Pathway,23,0.0872,1.153,0.0101,0.1821,0.9879,0.1698,0.6488,0.3632,0.0013,0.9335,0.0595,0.8946
AFP2,FEP2,FPS2,Apocalyptic Paralysis Pathway,24,0.0801,1.1832,0.0,0.1801,0.998,0.1653,0.6512,0.3647,0.0,0.9701,0.0541,0.9054
AFP2,FEP2,FPS2,Apocalyptic Paralysis Pathway,25,0.0729,1.1956,0.0,0.1779,1.0081,0.1606,0.6537,0.3661,0.0,0.9829,0.0509,0.9104
AFP2,FEP2,FPS2,Apocalyptic Paralysis Pathway,26,0.0651,1.2082,0.0,0.1617,1.0326,0.1557,0.6564,0.3673,0.0,1.0129,0.0442,0.9198
AFP2,FEP2,FPS2,Apocalyptic Paralysis Pathway,27,0.0572,1.2212,0.0,0.1592,1.0432,0.1507,0.6592,0.3686,0.0,1.0267,0.0407,0.9251
AFP2,FEP2,FPS2,Apocalyptic Paralysis Pathway,28,0.0491,1.2343,0.0,0.1567,1.054,0.1457,0.6621,0.3698,0.0,1.0409,0.037,0.9306
AFP2,FEP2,FPS2,Apocalyptic Paralysis Pathway,29,0.0408,1.2475,0.0,0.154,1.0649,0.1405,0.665,0.371,0.0,1.0554,0.0333,0.9361
AFP2,FEP2,FPS2,Apocalyptic Paralysis Pathway,30,0.0326,1.2609,0.0001,0.1663,1.0759,0.1504,0.6678,0.3874,0.0,1.0511,0.0369,0.9377
AFP2,FEP2,FPS2,Apocalyptic Paralysis Pathway,31,0.0242,1.2744,0.0,0.1637,1.087,0.1452,0.6707,0.3887,0.0,1.0658,0.0331,0.9433
AFP2,FEP2,FPS2,Apocalyptic Paralysis Pathway,32,0.0156,1.306,0.0,0.1609,1.0984,0.1399,0.6738,0.39,0.0,1.0958,0.0292,0.9533
AFP2,FEP2,FPS2,Apocalyptic Paralysis Pathway,33,0.0067,1.3197,0.0,0.1581,1.1101,0.1345,0.677,0.3912,0.0,1.1111,0.0253,0.9591
AFP2,FEP2,FPS2,Apocalyptic Paralysis Pathway,34,0.0,1.3336,0.0,0.1551,1.1218,0.129,0.6924,0.3925,0.0,1.1268,0.0214,0.9677
AFP2,FEP2,FPS2,Apocalyptic Paralysis Pathway,35,0.0,1.3477,0.0,0.152,1.1338,0.1234,0.6958,0.3937,0.0,1.1429,0.0193,0.9737
AFP2,FEP2,FPS2,Apocalyptic Paralysis Pathway,36,0.0,1.362,0.0,0.1488,1.1459,0.1177,0.6993,0.3949,0.0,1.1594,0.0171,0.9799
AFP2,FEP2,FPS2,Apocalyptic Paralysis Pathway,37,0.0,1.3765,0.0,0.1455,1.1582,0.1119,0.7029,0.396,0.0,1.1762,0.0149,0.9861
AFP2,FEP2,FPS2,Apocalyptic Paralysis Pathway,38,0.0,1.3911,0.0,0.142,1.1707,0.106,0.7067,0.3972,0.0,1.1936,0.0126,0.9925
AFP2,FEP2,FPS2,Apocalyptic Paralysis Pathway,39,0.0,1.4059,0.0,0.1244,1.1975,0.0999,0.7107,0.3981,0.0,1.231,0.0069,1.0032
AFP2,FEP2,FPS2,Apocalyptic Paralysis Pathway,40,0.0,1.4392,0.0,0.1356,1.2106,0.1087,0.7147,0.4142,0.0,1.244,0.0117,1.0103
AFP3,FEP3,FPS3,Techno-Optimist Delay Pathway,1,0.74,0.34,0.42,0.46,0.5,0.3,0.48,0.34,0.1791,0.1065,0.3934,0.49
AFP3,FEP3,FPS3,Techno-Optimist Delay Pathway,2,0.7495,0.34,0.4212,0.462,0.4937,0.3049,0.4746,0.3471,0.1822,0.1059,0.3983,0.4869
AFP3,FEP3,FPS3,Techno-Optimist Delay Pathway,3,0.7592,0.3399,0.4225,0.4642,0.4874,0.31,0.4692,0.3542,0.1856,0.1052,0.4034,0.4838
AFP3,FEP3,FPS3,Techno-Optimist Delay Pathway,4,0.769,0.3396,0.424,0.4665,0.4811,0.315,0.4637,0.3613,0.1891,0.1044,0.4085,0.4805
AFP3,FEP3,FPS3,Techno-Optimist Delay Pathway,5,0.7791,0.3392,0.4256,0.4689,0.4747,0.3202,0.4581,0.3684,0.1927,0.1035,0.4138,0.4772
AFP3,FEP3,FPS3,Techno-Optimist Delay Pathway,6,0.7893,0.3387,0.4274,0.4715,0.4682,0.3254,0.4524,0.3756,0.1966,0.1025,0.4192,0.4737
AFP3,FEP3,FPS3,Techno-Optimist Delay Pathway,7,0.7998,0.3381,0.4293,0.4742,0.4617,0.3308,0.4466,0.3829,0.2007,0.1014,0.4248,0.4701
AFP3,FEP3,FPS3,Techno-Optimist Delay Pathway,8,0.8104,0.3553,0.4313,0.477,0.4553,0.3362,0.4409,0.3901,0.2069,0.1057,0.4304,0.4708
AFP3,FEP3,FPS3,Techno-Optimist Delay Pathway,9,0.8212,0.3544,0.4335,0.48,0.4488,0.3416,0.435,0.3974,0.2114,0.1044,0.4361,0.4671
AFP3,FEP3,FPS3,Techno-Optimist Delay Pathway,10,0.8328,0.3533,0.4509,0.4981,0.442,0.3625,0.4288,0.42,0.2307,0.0974,0.4528,0.4567
AFP3,FEP3,FPS3,Techno-Optimist Delay Pathway,11,0.8446,0.3518,0.4538,0.5016,0.435,0.3684,0.4225,0.4277,0.2363,0.0958,0.4591,0.4525
AFP3,FEP3,FPS3,Techno-Optimist Delay Pathway,12,0.8567,0.3501,0.4568,0.5053,0.428,0.3745,0.416,0.4354,0.2422,0.0941,0.4657,0.4481
AFP3,FEP3,FPS3,Techno-Optimist Delay Pathway,13,0.8687,0.3483,0.4599,0.495,0.435,0.3804,0.4096,0.4429,0.2414,0.095,0.469,0.4478
AFP3,FEP3,FPS3,Techno-Optimist Delay Pathway,14,0.881,0.3465,0.463,0.4989,0.4279,0.3865,0.4031,0.4506,0.2475,0.0933,0.4756,0.4433
AFP3,FEP3,FPS3,Techno-Optimist Delay Pathway,15,0.8936,0.3446,0.4663,0.5029,0.4208,0.3926,0.3965,0.4584,0.254,0.0914,0.4824,0.4386
AFP3,FEP3,FPS3,Techno-Optimist Delay Pathway,16,0.9063,0.3605,0.4697,0.507,0.4136,0.3989,0.3898,0.4662,0.2631,0.0942,0.4894,0.4382
AFP3,FEP3,FPS3,Techno-Optimist Delay Pathway,17,0.9193,0.3582,0.4733,0.5113,0.4064,0.4053,0.3951,0.4741,0.2702,0.0922,0.4961,0.436
AFP3,FEP3,FPS3,Techno-Optimist Delay Pathway,18,0.9326,0.3558,0.4772,0.5158,0.3991,0.4118,0.3882,0.482,0.2777,0.0901,0.5034,0.431
AFP3,FEP3,FPS3,Techno-Optimist Delay Pathway,19,0.9462,0.3533,0.4812,0.5204,0.3917,0.4184,0.3812,0.49,0.2856,0.0879,0.5108,0.4258
AFP3,FEP3,FPS3,Techno-Optimist Delay Pathway,20,0.9606,0.3505,0.5006,0.5402,0.3838,0.4404,0.3738,0.5133,0.3119,0.0805,0.5292,0.414
AFP3,FEP3,FPS3,Techno-Optimist Delay Pathway,21,0.9753,0.3472,0.5054,0.5454,0.3757,0.4476,0.3663,0.5218,0.3215,0.0781,0.5373,0.4082
AFP3,FEP3,FPS3,Techno-Optimist Delay Pathway,22,0.9904,0.3438,0.5105,0.5507,0.3675,0.4549,0.3586,0.5302,0.3316,0.0756,0.5457,0.4023
AFP3,FEP3,FPS3,Techno-Optimist Delay Pathway,23,1.0057,0.3401,0.5158,0.5563,0.3592,0.4624,0.3507,0.5388,0.3422,0.0731,0.5543,0.3961
AFP3,FEP3,FPS3,Techno-Optimist Delay Pathway,24,1.0214,0.3542,0.5212,0.562,0.3508,0.47,0.3429,0.5475,0.3562,0.0743,0.563,0.3942
AFP3,FEP3,FPS3,Techno-Optimist Delay Pathway,25,1.0373,0.35,0.5269,0.5678,0.3423,0.4777,0.3348,0.5562,0.368,0.0716,0.5719,0.3877
AFP3,FEP3,FPS3,Techno-Optimist Delay Pathway,26,1.0534,0.3457,0.5328,0.5599,0.3478,0.4854,0.3268,0.5649,0.3709,0.0711,0.5777,0.3854
AFP3,FEP3,FPS3,Techno-Optimist Delay Pathway,27,1.0698,0.3413,0.5387,0.5661,0.3391,0.4933,0.3186,0.5737,0.3835,0.0683,0.5869,0.3787
AFP3,FEP3,FPS3,Techno-Optimist Delay Pathway,28,1.0866,0.3367,0.545,0.5724,0.3302,0.5014,0.3102,0.5827,0.3967,0.0655,0.5963,0.3718
AFP3,FEP3,FPS3,Techno-Optimist Delay Pathway,29,1.1038,0.3318,0.5515,0.5789,0.3211,0.5096,0.3017,0.5917,0.4107,0.0627,0.606,0.3648
AFP3,FEP3,FPS3,Techno-Optimist Delay Pathway,30,1.1219,0.3267,0.5734,0.6006,0.3115,0.5333,0.2927,0.6161,0.4483,0.0557,0.6267,0.351
AFP3,FEP3,FPS3,Techno-Optimist Delay Pathway,31,1.1404,0.321,0.5809,0.6078,0.3016,0.5421,0.2836,0.6256,0.465,0.0528,0.6372,0.3432
AFP3,FEP3,FPS3,Techno-Optimist Delay Pathway,32,1.1593,0.3331,0.5885,0.6152,0.2918,0.5512,0.2743,0.6352,0.486,0.0527,0.6479,0.3396
AFP3,FEP3,FPS3,Techno-Optimist Delay Pathway,33,1.1786,0.3268,0.5965,0.6227,0.2816,0.5604,0.2649,0.645,0.5046,0.0498,0.6589,0.3314
AFP3,FEP3,FPS3,Techno-Optimist Delay Pathway,34,1.1983,0.3203,0.6048,0.6305,0.2713,0.5699,0.2673,0.6549,0.5241,0.0468,0.6698,0.3256
AFP3,FEP3,FPS3,Techno-Optimist Delay Pathway,35,1.2185,0.3135,0.6134,0.6385,0.2607,0.5796,0.2574,0.6649,0.5448,0.0438,0.6813,0.3169
AFP3,FEP3,FPS3,Techno-Optimist Delay Pathway,36,1.2392,0.3064,0.6224,0.6467,0.2498,0.5895,0.2474,0.6751,0.5666,0.0409,0.6932,0.308
AFP3,FEP3,FPS3,Techno-Optimist Delay Pathway,37,1.2603,0.299,0.6317,0.6552,0.2387,0.5996,0.2372,0.6853,0.5897,0.038,0.7053,0.2987
AFP3,FEP3,FPS3,Techno-Optimist Delay Pathway,38,1.2819,0.2913,0.6414,0.6639,0.2272,0.61,0.2267,0.6958,0.6141,0.0351,0.7178,0.2893
AFP3,FEP3,FPS3,Techno-Optimist Delay Pathway,39,1.3038,0.2832,0.6513,0.6588,0.2297,0.6204,0.2162,0.7062,0.6263,0.0337,0.7272,0.2838
AFP3,FEP3,FPS3,Techno-Optimist Delay Pathway,40,1.3267,0.293,0.6766,0.6828,0.2176,0.6463,0.2053,0.7321,0.6874,0.0301,0.7508,0.2719
AFP4,FEP4,FPS4,Authoritarian Fear Future Pathway,1,0.3,0.82,0.3,0.28,0.68,0.24,0.88,0.26,0.0631,0.4133,0.1964,0.7728
AFP4,FEP4,FPS4,Authoritarian Fear Future Pathway,2,0.3016,0.8268,0.2939,0.2799,0.6819,0.2411,0.88,0.2646,0.0622,0.4204,0.196,0.7753
AFP4,FEP4,FPS4,Authoritarian Fear Future Pathway,3,0.303,0.8338,0.2878,0.2798,0.684,0.2421,0.8801,0.2691,0.0613,0.4277,0.1956,0.7779
AFP4,FEP4,FPS4,Authoritarian Fear Future Pathway,4,0.3044,0.8408,0.2816,0.2797,0.6863,0.243,0.8802,0.2736,0.0604,0.4351,0.1951,0.7805
AFP4,FEP4,FPS4,Authoritarian Fear Future Pathway,5,0.3057,0.8479,0.2754,0.2797,0.6886,0.2439,0.8802,0.2781,0.0595,0.4426,0.1946,0.7831
AFP4,FEP4,FPS4,Authoritarian Fear Future Pathway,6,0.307,0.855,0.2691,0.2796,0.6912,0.2447,0.8803,0.2825,0.0585,0.4502,0.194,0.7858
AFP4,FEP4,FPS4,Authoritarian Fear Future Pathway,7,0.3081,0.8623,0.2627,0.2796,0.6938,0.2454,0.8804,0.2868,0.0575,0.458,0.1934,0.7886
AFP4,FEP4,FPS4,Authoritarian Fear Future Pathway,8,0.309,0.8877,0.2562,0.2797,0.6968,0.246,0.8806,0.2911,0.0571,0.4756,0.1926,0.7958
AFP4,FEP4,FPS4,Authoritarian Fear Future Pathway,9,0.3099,0.8951,0.2496,0.2797,0.7,0.2465,0.8808,0.2953,0.056,0.4838,0.1918,0.7987
AFP4,FEP4,FPS4,Authoritarian Fear Future Pathway,10,0.3112,0.9027,0.2581,0.2947,0.703,0.2622,0.8807,0.3147,0.0614,0.4723,0.2017,0.7952
AFP4,FEP4,FPS4,Authoritarian Fear Future Pathway,11,0.3124,0.91,0.2517,0.295,0.7061,0.2629,0.8807,0.3191,0.0604,0.4801,0.2011,0.798
AFP4,FEP4,FPS4,Authoritarian Fear Future Pathway,12,0.3136,0.9175,0.2452,0.2953,0.7094,0.2634,0.8807,0.3234,0.0593,0.488,0.2004,0.8008
AFP4,FEP4,FPS4,Authoritarian Fear Future Pathway,13,0.3143,0.9251,0.2386,0.2816,0.727,0.2637,0.8808,0.3275,0.0553,0.506,0.1963,0.808
AFP4,FEP4,FPS4,Authoritarian Fear Future Pathway,14,0.315,0.933,0.2317,0.2819,0.7307,0.2639,0.8809,0.3316,0.0541,0.5148,0.1953,0.8111
AFP4,FEP4,FPS4,Authoritarian Fear Future Pathway,15,0.3155,0.941,0.2247,0.2821,0.7346,0.264,0.881,0.3357,0.0528,0.5237,0.1943,0.8142
AFP4,FEP4,FPS4,Authoritarian Fear Future Pathway,16,0.3158,0.9671,0.2176,0.2824,0.7388,0.264,0.8813,0.3397,0.0521,0.543,0.1931,0.8218
AFP4,FEP4,FPS4,Authoritarian Fear Future Pathway,17,0.316,0.9754,0.2103,0.2826,0.7432,0.2639,0.8936,0.3436,0.0507,0.5525,0.1914,0.8279
AFP4,FEP4,FPS4,Authoritarian Fear Future Pathway,18,0.3161,0.9838,0.203,0.2829,0.7478,0.2637,0.8939,0.3475,0.0492,0.5623,0.1901,0.8313
AFP4,FEP4,FPS4,Authoritarian Fear Future Pathway,19,0.316,0.9923,0.1956,0.2831,0.7525,0.2634,0.8942,0.3513,0.0477,0.5723,0.1886,0.8348
AFP4,FEP4,FPS4,Authoritarian Fear Future Pathway,20,0.3164,1.001,0.2032,0.2983,0.7571,0.2783,0.8942,0.3703,0.0525,0.5597,0.1979,0.832
AFP4,FEP4,FPS4,Authoritarian Fear Future Pathway,21,0.3166,1.0095,0.1959,0.2988,0.7619,0.2781,0.8943,0.3743,0.051,0.5693,0.1966,0.8354
AFP4,FEP4,FPS4,Authoritarian Fear Future Pathway,22,0.3167,1.0182,0.1885,0.2992,0.7668,0.2778,0.8944,0.3782,0.0494,0.579,0.1952,0.8389
AFP4,FEP4,FPS4,Authoritarian Fear Future Pathway,23,0.3167,1.0269,0.181,0.2997,0.7719,0.2773,0.8945,0.382,0.0478,0.589,0.1938,0.8424
AFP4,FEP4,FPS4,Authoritarian Fear Future Pathway,24,0.3164,1.0538,0.1733,0.3001,0.7774,0.2768,0.8948,0.3858,0.0466,0.6098,0.1922,0.8504
AFP4,FEP4,FPS4,Authoritarian Fear Future Pathway,25,0.316,1.0628,0.1654,0.3005,0.783,0.2762,0.895,0.3896,0.0448,0.6204,0.1905,0.8542
AFP4,FEP4,FPS4,Authoritarian Fear Future Pathway,26,0.3151,1.072,0.1573,0.2869,0.803,0.2752,0.8954,0.393,0.0408,0.6441,0.1853,0.8624
AFP4,FEP4,FPS4,Authoritarian Fear Future Pathway,27,0.3141,1.0815,0.149,0.2872,0.8091,0.2741,0.8959,0.3965,0.0389,0.656,0.1832,0.8665
AFP4,FEP4,FPS4,Authoritarian Fear Future Pathway,28,0.3129,1.0912,0.1405,0.2875,0.8155,0.273,0.8963,0.3999,0.0369,0.6682,0.181,0.8707
AFP4,FEP4,FPS4,Authoritarian Fear Future Pathway,29,0.3115,1.101,0.1319,0.2877,0.822,0.2716,0.8969,0.4033,0.0348,0.6808,0.1786,0.875
AFP4,FEP4,FPS4,Authoritarian Fear Future Pathway,30,0.3105,1.111,0.1383,0.3029,0.8285,0.2855,0.8971,0.4218,0.0386,0.6673,0.187,0.873
AFP4,FEP4,FPS4,Authoritarian Fear Future Pathway,31,0.3094,1.1208,0.1298,0.3033,0.8351,0.2842,0.8974,0.4253,0.0364,0.6795,0.1847,0.8772
AFP4,FEP4,FPS4,Authoritarian Fear Future Pathway,32,0.3079,1.1489,0.121,0.3037,0.8421,0.2828,0.8978,0.4287,0.0345,0.7031,0.1823,0.886
AFP4,FEP4,FPS4,Authoritarian Fear Future Pathway,33,0.3063,1.159,0.112,0.3041,0.8493,0.2812,0.8983,0.432,0.0322,0.7162,0.1798,0.8905
AFP4,FEP4,FPS4,Authoritarian Fear Future Pathway,34,0.3044,1.1693,0.1029,0.3044,0.8567,0.2796,0.9108,0.4353,0.0297,0.7297,0.1768,0.8977
AFP4,FEP4,FPS4,Authoritarian Fear Future Pathway,35,0.3024,1.1799,0.0937,0.3047,0.8643,0.2778,0.9113,0.4385,0.0272,0.7436,0.174,0.9025
AFP4,FEP4,FPS4,Authoritarian Fear Future Pathway,36,0.3001,1.1907,0.0843,0.3049,0.8722,0.2758,0.9119,0.4416,0.0245,0.7579,0.1711,0.9073
AFP4,FEP4,FPS4,Authoritarian Fear Future Pathway,37,0.2976,1.2016,0.0747,0.3051,0.8802,0.2737,0.9125,0.4446,0.0218,0.7726,0.1681,0.9123
AFP4,FEP4,FPS4,Authoritarian Fear Future Pathway,38,0.2949,1.2127,0.065,0.3052,0.8885,0.2715,0.9131,0.4476,0.0191,0.7878,0.1649,0.9174
AFP4,FEP4,FPS4,Authoritarian Fear Future Pathway,39,0.2917,1.2239,0.0549,0.2912,0.9112,0.2689,0.9139,0.4503,0.0154,0.8198,0.1581,0.9269
AFP4,FEP4,FPS4,Authoritarian Fear Future Pathway,40,0.2887,1.2536,0.0596,0.3062,0.92,0.2814,0.9147,0.4682,0.0178,0.818,0.1651,0.9304
AFP5,FEP5,FPS5,Future Fatigue Society Pathway,1,0.28,0.76,0.26,0.24,0.9,0.28,0.62,0.32,0.0436,0.4274,0.1872,0.7364
AFP5,FEP5,FPS5,Future Fatigue Society Pathway,2,0.2799,0.7682,0.2521,0.2393,0.9023,0.279,0.6196,0.3239,0.0424,0.437,0.1855,0.7396
AFP5,FEP5,FPS5,Future Fatigue Society Pathway,3,0.2796,0.7765,0.2442,0.2386,0.9047,0.2779,0.6193,0.3278,0.0412,0.4468,0.1837,0.7429
AFP5,FEP5,FPS5,Future Fatigue Society Pathway,4,0.2792,0.7849,0.2362,0.238,0.9073,0.2768,0.619,0.3316,0.0399,0.4569,0.1819,0.7463
AFP5,FEP5,FPS5,Future Fatigue Society Pathway,5,0.2786,0.7934,0.228,0.2373,0.9102,0.2755,0.6187,0.3353,0.0387,0.4672,0.1799,0.7497
AFP5,FEP5,FPS5,Future Fatigue Society Pathway,6,0.2778,0.8021,0.2198,0.2366,0.9132,0.2741,0.6184,0.339,0.0374,0.4777,0.1779,0.7533
AFP5,FEP5,FPS5,Future Fatigue Society Pathway,7,0.2769,0.8108,0.2114,0.2359,0.9164,0.2726,0.6182,0.3425,0.0361,0.4886,0.1757,0.7569
AFP5,FEP5,FPS5,Future Fatigue Society Pathway,8,0.2758,0.8377,0.2029,0.2352,0.92,0.271,0.6181,0.346,0.0351,0.5107,0.1734,0.765
AFP5,FEP5,FPS5,Future Fatigue Society Pathway,9,0.2745,0.8467,0.1942,0.2344,0.9238,0.2693,0.618,0.3495,0.0337,0.5223,0.171,0.7688
AFP5,FEP5,FPS5,Future Fatigue Society Pathway,10,0.2736,0.8558,0.2005,0.2487,0.9275,0.2827,0.6177,0.3681,0.0371,0.5141,0.1792,0.7663
AFP5,FEP5,FPS5,Future Fatigue Society Pathway,11,0.2725,0.8648,0.1919,0.2481,0.9313,0.281,0.6174,0.3716,0.0356,0.5254,0.1769,0.77
AFP5,FEP5,FPS5,Future Fatigue Society Pathway,12,0.2712,0.8739,0.1832,0.2476,0.9354,0.2792,0.6172,0.375,0.0341,0.5371,0.1745,0.7739
AFP5,FEP5,FPS5,Future Fatigue Society Pathway,13,0.2695,0.8832,0.1742,0.233,0.9538,0.2771,0.6172,0.3782,0.0307,0.5593,0.1686,0.7821
AFP5,FEP5,FPS5,Future Fatigue Society Pathway,14,0.2676,0.8928,0.165,0.2323,0.9584,0.2749,0.6171,0.3814,0.0291,0.5723,0.1658,0.7863
AFP5,FEP5,FPS5,Future Fatigue Society Pathway,15,0.2655,0.9026,0.1556,0.2316,0.9633,0.2725,0.6172,0.3845,0.0275,0.5856,0.1628,0.7906
AFP5,FEP5,FPS5,Future Fatigue Society Pathway,16,0.2631,0.9305,0.146,0.2309,0.9685,0.27,0.6173,0.3875,0.0261,0.6112,0.1597,0.7994
AFP5,FEP5,FPS5,Future Fatigue Society Pathway,17,0.2605,0.9406,0.1362,0.2301,0.974,0.2673,0.6296,0.3904,0.0244,0.6255,0.1561,0.8067
AFP5,FEP5,FPS5,Future Fatigue Society Pathway,18,0.2577,0.9509,0.1262,0.2293,0.9797,0.2646,0.6298,0.3933,0.0226,0.6404,0.1527,0.8114
AFP5,FEP5,FPS5,Future Fatigue Society Pathway,19,0.2546,0.9614,0.1161,0.2284,0.9856,0.2616,0.6301,0.396,0.0208,0.6557,0.1491,0.8163
AFP5,FEP5,FPS5,Future Fatigue Society Pathway,20,0.2519,0.972,0.121,0.2425,0.9915,0.2738,0.6302,0.4139,0.0231,0.6472,0.1562,0.8148
AFP5,FEP5,FPS5,Future Fatigue Society Pathway,21,0.249,0.9826,0.1109,0.2417,0.9975,0.2709,0.6304,0.4168,0.0212,0.6624,0.1527,0.8196
AFP5,FEP5,FPS5,Future Fatigue Society Pathway,22,0.2458,0.9933,0.1006,0.241,1.0038,0.2678,0.6306,0.4195,0.0192,0.6781,0.149,0.8245
AFP5,FEP5,FPS5,Future Fatigue Society Pathway,23,0.2423,1.0042,0.0902,0.2401,1.0104,0.2646,0.6308,0.4221,0.0172,0.6942,0.1452,0.8296
AFP5,FEP5,FPS5,Future Fatigue Society Pathway,24,0.2386,1.0332,0.0794,0.2393,1.0174,0.2612,0.6312,0.4247,0.0153,0.7236,0.1412,0.8392
AFP5,FEP5,FPS5,Future Fatigue Society Pathway,25,0.2345,1.0445,0.0685,0.2383,1.0246,0.2576,0.6317,0.4271,0.0132,0.7411,0.137,0.8446
AFP5,FEP5,FPS5,Future Fatigue Society Pathway,26,0.23,1.0559,0.0573,0.2233,1.0463,0.2537,0.6324,0.4293,0.0104,0.7732,0.1293,0.8544
AFP5,FEP5,FPS5,Future Fatigue Society Pathway,27,0.2251,1.0678,0.0457,0.2221,1.0542,0.2496,0.6331,0.4314,0.0082,0.7927,0.1246,0.8603
AFP5,FEP5,FPS5,Future Fatigue Society Pathway,28,0.22,1.0799,0.0338,0.2209,1.0624,0.2453,0.6339,0.4335,0.0061,0.8129,0.1196,0.8663
AFP5,FEP5,FPS5,Future Fatigue Society Pathway,29,0.2145,1.0923,0.0218,0.2196,1.0708,0.2409,0.6348,0.4354,0.0039,0.8338,0.1145,0.8724
AFP5,FEP5,FPS5,Future Fatigue Society Pathway,30,0.2093,1.1048,0.0247,0.2332,1.0792,0.2515,0.6355,0.4525,0.0047,0.8263,0.12,0.8723
AFP5,FEP5,FPS5,Future Fatigue Society Pathway,31,0.2038,1.1173,0.0125,0.2319,1.088,0.247,0.6362,0.4544,0.0024,0.8474,0.1148,0.8786
AFP5,FEP5,FPS5,Future Fatigue Society Pathway,32,0.1979,1.148,0.0,0.2306,1.0971,0.2422,0.6371,0.4563,0.0,0.8833,0.1094,0.8893
AFP5,FEP5,FPS5,Future Fatigue Society Pathway,33,0.1918,1.161,0.0,0.2292,1.1064,0.2374,0.6381,0.4581,0.0,0.8949,0.1067,0.8939
AFP5,FEP5,FPS5,Future Fatigue Society Pathway,34,0.1856,1.174,0.0,0.2277,1.1159,0.2326,0.6512,0.4599,0.0,0.9068,0.1035,0.9012
AFP5,FEP5,FPS5,Future Fatigue Society Pathway,35,0.1791,1.1873,0.0,0.226,1.1255,0.2276,0.6524,0.4617,0.0,0.9189,0.1006,0.9059
AFP5,FEP5,FPS5,Future Fatigue Society Pathway,36,0.1725,1.2006,0.0,0.2243,1.1353,0.2226,0.6537,0.4635,0.0,0.9313,0.0976,0.9107
AFP5,FEP5,FPS5,Future Fatigue Society Pathway,37,0.1657,1.2141,0.0,0.2225,1.1452,0.2175,0.655,0.4653,0.0,0.9439,0.0946,0.9156
AFP5,FEP5,FPS5,Future Fatigue Society Pathway,38,0.1587,1.2277,0.0,0.2206,1.1553,0.2123,0.6564,0.4671,0.0,0.9568,0.0914,0.9206
AFP5,FEP5,FPS5,Future Fatigue Society Pathway,39,0.1512,1.2414,0.0,0.2046,1.1796,0.2069,0.6581,0.4686,0.0,0.9874,0.0848,0.93
AFP5,FEP5,FPS5,Future Fatigue Society Pathway,40,0.1438,1.2736,0.0002,0.2174,1.1902,0.2165,0.6596,0.4854,0.0,0.9964,0.0887,0.9356
AFP6,FEP6,FPS6,Youth-Led Renewal Pathway,1,0.82,0.62,0.86,0.66,0.42,0.7,0.44,0.76,0.659,0.0295,0.6714,0.3988
AFP6,FEP6,FPS6,Youth-Led Renewal Pathway,2,0.8431,0.613,0.8672,0.669,0.409,0.7116,0.4308,0.7723,0.6848,0.0269,0.6841,0.39
AFP6,FEP6,FPS6,Youth-Led Renewal Pathway,3,0.8667,0.6056,0.8748,0.6783,0.3978,0.7234,0.4214,0.7847,0.712,0.0244,0.6971,0.3809
AFP6,FEP6,FPS6,Youth-Led Renewal Pathway,4,0.8909,0.5979,0.8828,0.6879,0.3863,0.7354,0.4117,0.7973,0.7407,0.0219,0.7104,0.3716
AFP6,FEP6,FPS6,Youth-Led Renewal Pathway,5,0.9155,0.5899,0.8912,0.6977,0.3745,0.7476,0.4018,0.81,0.771,0.0194,0.7241,0.3619
AFP6,FEP6,FPS6,Youth-Led Renewal Pathway,6,0.9407,0.5816,0.9,0.7078,0.3625,0.7601,0.3916,0.8229,0.803,0.017,0.7381,0.352
AFP6,FEP6,FPS6,Youth-Led Renewal Pathway,7,0.9665,0.5729,0.9093,0.7182,0.3501,0.7728,0.3812,0.8359,0.8369,0.0147,0.7524,0.3418
AFP6,FEP6,FPS6,Youth-Led Renewal Pathway,8,0.9927,0.5819,0.9188,0.7288,0.3376,0.7858,0.3706,0.8491,0.8791,0.0128,0.7671,0.3356
AFP6,FEP6,FPS6,Youth-Led Renewal Pathway,9,1.0195,0.5725,0.9288,0.7397,0.3248,0.7991,0.3597,0.8624,0.9168,0.0106,0.7821,0.3247
AFP6,FEP6,FPS6,Youth-Led Renewal Pathway,10,1.0475,0.5627,0.9545,0.7659,0.3113,0.8279,0.3483,0.8912,0.992,0.006,0.8083,0.3071
AFP6,FEP6,FPS6,Youth-Led Renewal Pathway,11,1.0761,0.5522,0.9658,0.7777,0.2975,0.842,0.3366,0.9051,1.0364,0.0042,0.8244,0.2954
AFP6,FEP6,FPS6,Youth-Led Renewal Pathway,12,1.1054,0.5413,0.9775,0.7898,0.2833,0.8564,0.3246,0.9193,1.0833,0.0026,0.841,0.2832
AFP6,FEP6,FPS6,Youth-Led Renewal Pathway,13,1.1351,0.53,0.9897,0.7882,0.2828,0.8709,0.3125,0.9334,1.1128,0.0012,0.8546,0.275
AFP6,FEP6,FPS6,Youth-Led Renewal Pathway,14,1.1655,0.5185,1.0022,0.8008,0.2679,0.8857,0.3,0.9478,1.1642,0.0,0.8718,0.2626
AFP6,FEP6,FPS6,Youth-Led Renewal Pathway,15,1.1965,0.5065,1.0152,0.8137,0.2527,0.9009,0.2872,0.9624,1.2186,0.0,0.8895,0.2516
AFP6,FEP6,FPS6,Youth-Led Renewal Pathway,16,1.2282,0.5121,1.0287,0.827,0.2372,0.9163,0.2742,0.9773,1.2845,0.0,0.9075,0.2447
AFP6,FEP6,FPS6,Youth-Led Renewal Pathway,17,1.2606,0.4992,1.0428,0.8406,0.2213,0.9322,0.2728,0.9924,1.3456,0.0,0.9257,0.2357
AFP6,FEP6,FPS6,Youth-Led Renewal Pathway,18,1.2938,0.4859,1.0574,0.8545,0.2049,0.9483,0.2591,1.0077,1.4105,0.0,0.9447,0.2244
AFP6,FEP6,FPS6,Youth-Led Renewal Pathway,19,1.3278,0.4721,1.0725,0.8688,0.1881,0.9649,0.2451,1.0232,1.4793,0.0,0.9642,0.2134
AFP6,FEP6,FPS6,Youth-Led Renewal Pathway,20,1.3631,0.4578,1.1035,0.8985,0.1704,0.9971,0.2304,1.0542,1.6011,0.0,0.9949,0.1993
AFP6,FEP6,FPS6,Youth-Led Renewal Pathway,21,1.3993,0.4427,1.1202,0.9138,0.1523,1.0147,0.2154,1.0705,1.6815,0.0,1.0158,0.1874
AFP6,FEP6,FPS6,Youth-Led Renewal Pathway,22,1.4363,0.427,1.1376,0.9294,0.1336,1.0327,0.1999,1.087,1.7669,0.0,1.0372,0.1752
AFP6,FEP6,FPS6,Youth-Led Renewal Pathway,23,1.4742,0.4107,1.1557,0.9455,0.1144,1.0511,0.1841,1.1038,1.8575,0.0,1.0592,0.1626
AFP6,FEP6,FPS6,Youth-Led Renewal Pathway,24,1.5129,0.4118,1.1743,0.9619,0.0948,1.07,0.168,1.1209,1.9647,0.0,1.0817,0.154
AFP6,FEP6,FPS6,Youth-Led Renewal Pathway,25,1.5526,0.3943,1.1936,0.9788,0.0746,1.0893,0.1515,1.1383,2.0672,0.0,1.1047,0.1407
AFP6,FEP6,FPS6,Youth-Led Renewal Pathway,26,1.5929,0.3762,1.2135,0.982,0.068,1.1089,0.1347,1.1558,2.1449,0.0,1.125,0.1313
AFP6,FEP6,FPS6,Youth-Led Renewal Pathway,27,1.6343,0.3577,1.234,0.9997,0.0468,1.129,0.1174,1.1736,2.2586,0.0,1.1491,0.1174
AFP6,FEP6,FPS6,Youth-Led Renewal Pathway,28,1.6766,0.3386,1.2552,1.0177,0.0249,1.1495,0.0997,1.1918,2.3795,0.0,1.1739,0.1062
AFP6,FEP6,FPS6,Youth-Led Renewal Pathway,29,1.7199,0.3187,1.2772,1.0362,0.0024,1.1706,0.0816,1.2103,2.5,0.0,1.1993,0.0947
AFP6,FEP6,FPS6,Youth-Led Renewal Pathway,30,1.7648,0.2982,1.3151,1.0702,0.0,1.2073,0.0627,1.2444,2.5,0.0,1.235,0.0854
AFP6,FEP6,FPS6,Youth-Led Renewal Pathway,31,1.8,0.2768,1.3388,1.0897,0.0,1.2294,0.0434,1.2638,2.5,0.0,1.2583,0.076
AFP6,FEP6,FPS6,Youth-Led Renewal Pathway,32,1.8,0.273,1.363,1.1096,0.0,1.2519,0.0237,1.2836,2.5,0.0,1.2743,0.0707
AFP6,FEP6,FPS6,Youth-Led Renewal Pathway,33,1.8,0.2506,1.3879,1.1298,0.0,1.2748,0.0034,1.3038,2.5,0.0,1.2905,0.0609
AFP6,FEP6,FPS6,Youth-Led Renewal Pathway,34,1.8,0.2277,1.4133,1.1504,0.0,1.2981,0.0,1.3243,2.5,0.0,1.3066,0.0547
AFP6,FEP6,FPS6,Youth-Led Renewal Pathway,35,1.8,0.2044,1.4394,1.1713,0.0,1.3219,0.0,1.3452,2.5,0.0,1.3229,0.0491
AFP6,FEP6,FPS6,Youth-Led Renewal Pathway,36,1.8,0.1806,1.4661,1.1926,0.0,1.3461,0.0,1.3664,2.5,0.0,1.3395,0.0434
AFP6,FEP6,FPS6,Youth-Led Renewal Pathway,37,1.8,0.1564,1.4934,1.2142,0.0,1.3707,0.0,1.3881,2.5,0.0,1.3564,0.0375
AFP6,FEP6,FPS6,Youth-Led Renewal Pathway,38,1.8,0.1318,1.5214,1.2363,0.0,1.3958,0.0,1.4101,2.5,0.0,1.3737,0.0316
AFP6,FEP6,FPS6,Youth-Led Renewal Pathway,39,1.8,0.1067,1.55,1.2447,0.0,1.4213,0.0,1.4324,2.5,0.0,1.3888,0.0256
AFP6,FEP6,FPS6,Youth-Led Renewal Pathway,40,1.8,0.0992,1.5943,1.2825,0.0,1.4625,0.0,1.4704,2.5,0.0,1.4173,0.0238
AFP7,FEP7,FPS7,Marketed Hope Regime Pathway,1,0.8,0.28,0.36,0.34,0.54,0.26,0.52,0.22,0.1168,0.1183,0.347,0.53
AFP7,FEP7,FPS7,Marketed Hope Regime Pathway,2,0.8063,0.2822,0.3594,0.3407,0.5351,0.2631,0.5165,0.2256,0.1177,0.1192,0.35,0.5287
AFP7,FEP7,FPS7,Marketed Hope Regime Pathway,3,0.8127,0.2843,0.3589,0.3415,0.5302,0.2662,0.5129,0.2312,0.1188,0.12,0.353,0.5273
AFP7,FEP7,FPS7,Marketed Hope Regime Pathway,4,0.8192,0.2864,0.3585,0.3423,0.5254,0.2694,0.5093,0.2368,0.1199,0.1208,0.3561,0.5259
AFP7,FEP7,FPS7,Marketed Hope Regime Pathway,5,0.8258,0.2884,0.3582,0.3433,0.5205,0.2726,0.5057,0.2424,0.1211,0.1215,0.3592,0.5244
AFP7,FEP7,FPS7,Marketed Hope Regime Pathway,6,0.8325,0.2903,0.358,0.3443,0.5157,0.2759,0.502,0.248,0.1223,0.1222,0.3625,0.5229
AFP7,FEP7,FPS7,Marketed Hope Regime Pathway,7,0.8393,0.2921,0.3579,0.3455,0.5108,0.2791,0.4983,0.2537,0.1236,0.1228,0.3658,0.5213
AFP7,FEP7,FPS7,Marketed Hope Regime Pathway,8,0.8461,0.3119,0.3577,0.3467,0.5062,0.2825,0.4946,0.2593,0.1262,0.1309,0.3691,0.524
AFP7,FEP7,FPS7,Marketed Hope Regime Pathway,9,0.8531,0.3136,0.3576,0.3481,0.5016,0.2858,0.4909,0.2649,0.1277,0.1313,0.3724,0.5224
AFP7,FEP7,FPS7,Marketed Hope Regime Pathway,10,0.8607,0.3152,0.3728,0.3645,0.4966,0.3045,0.4868,0.2858,0.1405,0.1256,0.3867,0.5142
AFP7,FEP7,FPS7,Marketed Hope Regime Pathway,11,0.8685,0.3164,0.3732,0.3663,0.4916,0.3082,0.4827,0.2918,0.1425,0.1257,0.3905,0.5121
AFP7,FEP7,FPS7,Marketed Hope Regime Pathway,12,0.8764,0.3175,0.3738,0.3682,0.4866,0.312,0.4786,0.2977,0.1447,0.1256,0.3945,0.51
AFP7,FEP7,FPS7,Marketed Hope Regime Pathway,13,0.8842,0.3186,0.3743,0.3562,0.4958,0.3156,0.4745,0.3035,0.1412,0.1283,0.3952,0.5121
AFP7,FEP7,FPS7,Marketed Hope Regime Pathway,14,0.8921,0.3198,0.3748,0.3582,0.4909,0.3192,0.4704,0.3093,0.1434,0.1283,0.3991,0.51
AFP7,FEP7,FPS7,Marketed Hope Regime Pathway,15,0.9002,0.3209,0.3754,0.3603,0.486,0.323,0.4662,0.3152,0.1456,0.1282,0.4032,0.5078
AFP7,FEP7,FPS7,Marketed Hope Regime Pathway,16,0.9083,0.34,0.376,0.3625,0.4812,0.3267,0.462,0.3211,0.1493,0.1352,0.4072,0.5099
AFP7,FEP7,FPS7,Marketed Hope Regime Pathway,17,0.9166,0.3409,0.3767,0.3648,0.4765,0.3306,0.4698,0.3271,0.1517,0.135,0.411,0.5102
AFP7,FEP7,FPS7,Marketed Hope Regime Pathway,18,0.925,0.3418,0.3775,0.3672,0.4717,0.3344,0.4655,0.333,0.1543,0.1346,0.4153,0.5079
AFP7,FEP7,FPS7,Marketed Hope Regime Pathway,19,0.9335,0.3426,0.3785,0.3697,0.4669,0.3384,0.4612,0.339,0.157,0.1342,0.4196,0.5055
AFP7,FEP7,FPS7,Marketed Hope Regime Pathway,20,0.9428,0.3433,0.3947,0.3873,0.4617,0.3577,0.4565,0.3602,0.173,0.1273,0.4348,0.4965
AFP7,FEP7,FPS7,Marketed Hope Regime Pathway,21,0.9522,0.3436,0.3962,0.3903,0.4565,0.362,0.4517,0.3665,0.1765,0.1265,0.4397,0.4936
AFP7,FEP7,FPS7,Marketed Hope Regime Pathway,22,0.9619,0.3438,0.3979,0.3934,0.4512,0.3664,0.4468,0.3729,0.1801,0.1256,0.4447,0.4907
AFP7,FEP7,FPS7,Marketed Hope Regime Pathway,23,0.9717,0.3438,0.3996,0.3966,0.4459,0.3709,0.4419,0.3792,0.184,0.1246,0.4498,0.4876
AFP7,FEP7,FPS7,Marketed Hope Regime Pathway,24,0.9816,0.3618,0.4015,0.3999,0.4407,0.3755,0.437,0.3857,0.1895,0.1299,0.455,0.4888
AFP7,FEP7,FPS7,Marketed Hope Regime Pathway,25,0.9917,0.3616,0.4034,0.4033,0.4354,0.3801,0.432,0.3921,0.1937,0.1287,0.4603,0.4856
AFP7,FEP7,FPS7,Marketed Hope Regime Pathway,26,1.0017,0.3613,0.4054,0.3928,0.4443,0.3847,0.427,0.3984,0.1912,0.1304,0.4623,0.4865
AFP7,FEP7,FPS7,Marketed Hope Regime Pathway,27,1.0119,0.3611,0.4074,0.3964,0.439,0.3893,0.422,0.4048,0.1955,0.1292,0.4676,0.4833
AFP7,FEP7,FPS7,Marketed Hope Regime Pathway,28,1.0223,0.3608,0.4095,0.4001,0.4337,0.394,0.4169,0.4113,0.2,0.1278,0.4731,0.4799
AFP7,FEP7,FPS7,Marketed Hope Regime Pathway,29,1.033,0.3603,0.4118,0.4039,0.4283,0.3987,0.4116,0.4178,0.2047,0.1263,0.4787,0.4764
AFP7,FEP7,FPS7,Marketed Hope Regime Pathway,30,1.0443,0.3597,0.4293,0.4228,0.4226,0.4189,0.4061,0.4397,0.2255,0.1185,0.4952,0.4664
AFP7,FEP7,FPS7,Marketed Hope Regime Pathway,31,1.0559,0.3587,0.4322,0.4271,0.4167,0.4241,0.4004,0.4465,0.2314,0.1167,0.5014,0.4624
AFP7,FEP7,FPS7,Marketed Hope Regime Pathway,32,1.0677,0.3755,0.4352,0.4315,0.4109,0.4295,0.3947,0.4535,0.2393,0.1206,0.5077,0.4627
AFP7,FEP7,FPS7,Marketed Hope Regime Pathway,33,1.0797,0.3742,0.4384,0.4361,0.405,0.4349,0.3889,0.4605,0.2458,0.1185,0.5141,0.4585
AFP7,FEP7,FPS7,Marketed Hope Regime Pathway,34,1.0919,0.3727,0.4417,0.4408,0.399,0.4405,0.395,0.4675,0.2525,0.1164,0.5203,0.4568
AFP7,FEP7,FPS7,Marketed Hope Regime Pathway,35,1.1044,0.3711,0.4453,0.4456,0.3929,0.4461,0.3889,0.4746,0.2596,0.1141,0.5271,0.4524
AFP7,FEP7,FPS7,Marketed Hope Regime Pathway,36,1.1172,0.3694,0.449,0.4505,0.3867,0.4519,0.3828,0.4818,0.2671,0.1118,0.534,0.4478
AFP7,FEP7,FPS7,Marketed Hope Regime Pathway,37,1.1301,0.3674,0.4529,0.4556,0.3804,0.4578,0.3765,0.4891,0.2749,0.1094,0.5411,0.4431
AFP7,FEP7,FPS7,Marketed Hope Regime Pathway,38,1.1434,0.3653,0.457,0.4609,0.374,0.4638,0.3701,0.4965,0.2831,0.107,0.5483,0.4382
AFP7,FEP7,FPS7,Marketed Hope Regime Pathway,39,1.1567,0.363,0.4612,0.4522,0.3816,0.4697,0.3638,0.5037,0.2829,0.1072,0.5523,0.4375
AFP7,FEP7,FPS7,Marketed Hope Regime Pathway,40,1.1707,0.3788,0.4804,0.4727,0.3749,0.4911,0.3571,0.5263,0.3132,0.1038,0.5704,0.4304
AFP8,FEP8,FPS8,Reparative Imagination Pathway,1,0.86,0.5,0.84,0.76,0.28,0.92,0.3,0.88,0.7246,0.0192,0.759,0.298
AFP8,FEP8,FPS8,Reparative Imagination Pathway,2,0.8886,0.4901,0.853,0.7728,0.2669,0.9331,0.2881,0.893,0.7635,0.0164,0.7754,0.286
AFP8,FEP8,FPS8,Reparative Imagination Pathway,3,0.9178,0.4798,0.8665,0.7859,0.2535,0.9465,0.2758,0.9062,0.8047,0.0137,0.7922,0.2737
AFP8,FEP8,FPS8,Reparative Imagination Pathway,4,0.9477,0.469,0.8805,0.7993,0.2396,0.9603,0.2633,0.9197,0.8485,0.0112,0.8094,0.2609
AFP8,FEP8,FPS8,Reparative Imagination Pathway,5,0.9782,0.4578,0.895,0.813,0.2253,0.9744,0.2505,0.9333,0.895,0.009,0.8271,0.2478
AFP8,FEP8,FPS8,Reparative Imagination Pathway,6,1.0095,0.4461,0.9101,0.8269,0.2106,0.9889,0.2373,0.9472,0.9444,0.0069,0.8452,0.2343
AFP8,FEP8,FPS8,Reparative Imagination Pathway,7,1.0416,0.4339,0.9256,0.8413,0.1954,1.0037,0.2238,0.9614,0.9969,0.0051,0.8638,0.2204
AFP8,FEP8,FPS8,Reparative Imagination Pathway,8,1.0743,0.4392,0.9417,0.8559,0.1799,1.0189,0.2101,0.9757,1.0605,0.0037,0.8827,0.2104
AFP8,FEP8,FPS8,Reparative Imagination Pathway,9,1.1077,0.426,0.9582,0.8708,0.164,1.0344,0.196,0.9904,1.1199,0.0023,0.9022,0.1957
AFP8,FEP8,FPS8,Reparative Imagination Pathway,10,1.1426,0.4123,0.9906,0.9012,0.1472,1.0657,0.1813,1.0205,1.2223,0.0004,0.933,0.1758
AFP8,FEP8,FPS8,Reparative Imagination Pathway,11,1.1783,0.3978,1.0087,0.917,0.1299,1.0823,0.1662,1.0359,1.2922,0.0,0.9538,0.1625
AFP8,FEP8,FPS8,Reparative Imagination Pathway,12,1.2148,0.3826,1.0274,0.9333,0.1121,1.0994,0.1508,1.0516,1.3666,0.0,0.9752,0.1505
AFP8,FEP8,FPS8,Reparative Imagination Pathway,13,1.252,0.3669,1.0466,0.9359,0.1078,1.1167,0.1351,1.0674,1.4241,0.0,0.9938,0.1422
AFP8,FEP8,FPS8,Reparative Imagination Pathway,14,1.29,0.3508,1.0664,0.9529,0.089,1.1344,0.119,1.0835,1.5068,0.0,1.0161,0.1295
AFP8,FEP8,FPS8,Reparative Imagination Pathway,15,1.329,0.3342,1.0868,0.9702,0.0696,1.1526,0.1025,1.1,1.595,0.0,1.039,0.1165
AFP8,FEP8,FPS8,Reparative Imagination Pathway,16,1.3688,0.3348,1.1078,0.9879,0.0498,1.1713,0.0857,1.1167,1.6995,0.0,1.0625,0.1074
AFP8,FEP8,FPS8,Reparative Imagination Pathway,17,1.4097,0.3169,1.1295,1.006,0.0294,1.1905,0.0804,1.1338,1.7998,0.0,1.0862,0.0973
AFP8,FEP8,FPS8,Reparative Imagination Pathway,18,1.4515,0.2983,1.1519,1.0245,0.0083,1.2102,0.0628,1.1512,1.9067,0.0,1.1108,0.0864
AFP8,FEP8,FPS8,Reparative Imagination Pathway,19,1.4942,0.2791,1.1751,1.0435,0.0,1.2302,0.0447,1.169,2.0205,0.0,1.1355,0.0768
AFP8,FEP8,FPS8,Reparative Imagination Pathway,20,1.5384,0.2592,1.2141,1.0778,0.0,1.266,0.0258,1.2023,2.1997,0.0,1.1709,0.0679
AFP8,FEP8,FPS8,Reparative Imagination Pathway,21,1.5835,0.2386,1.2389,1.0977,0.0,1.2872,0.0065,1.221,2.3318,0.0,1.1965,0.0587
AFP8,FEP8,FPS8,Reparative Imagination Pathway,22,1.6295,0.2175,1.2642,1.1179,0.0,1.3088,0.0,1.2401,2.4719,0.0,1.2222,0.0522
AFP8,FEP8,FPS8,Reparative Imagination Pathway,23,1.6764,0.1959,1.2901,1.1384,0.0,1.3308,0.0,1.2595,2.5,0.0,1.2482,0.047
AFP8,FEP8,FPS8,Reparative Imagination Pathway,24,1.7243,0.1919,1.3165,1.1593,0.0,1.3532,0.0,1.2793,2.5,0.0,1.2747,0.0461
AFP8,FEP8,FPS8,Reparative Imagination Pathway,25,1.7731,0.1694,1.3435,1.1805,0.0,1.3761,0.0,1.2995,2.5,0.0,1.3018,0.0407
AFP8,FEP8,FPS8,Reparative Imagination Pathway,26,1.8,0.1466,1.371,1.188,0.0,1.3993,0.0,1.3199,2.5,0.0,1.3217,0.0352
AFP8,FEP8,FPS8,Reparative Imagination Pathway,27,1.8,0.1234,1.3992,1.2099,0.0,1.423,0.0,1.3408,2.5,0.0,1.3386,0.0296
AFP8,FEP8,FPS8,Reparative Imagination Pathway,28,1.8,0.0997,1.428,1.2322,0.0,1.4471,0.0,1.362,2.5,0.0,1.3559,0.0239
AFP8,FEP8,FPS8,Reparative Imagination Pathway,29,1.8,0.0755,1.4575,1.2549,0.0,1.4717,0.0,1.3837,2.5,0.0,1.3735,0.0181
AFP8,FEP8,FPS8,Reparative Imagination Pathway,30,1.8,0.0509,1.5027,1.2929,0.0,1.5121,0.0,1.4211,2.5,0.0,1.402,0.0122
AFP8,FEP8,FPS8,Reparative Imagination Pathway,31,1.8,0.0256,1.5339,1.3165,0.0,1.538,0.0,1.4439,2.5,0.0,1.4205,0.0061
AFP8,FEP8,FPS8,Reparative Imagination Pathway,32,1.8,0.0177,1.5657,1.3406,0.0,1.5644,0.0,1.4672,2.5,0.0,1.4394,0.0042
AFP8,FEP8,FPS8,Reparative Imagination Pathway,33,1.8,0.0,1.5981,1.365,0.0,1.5913,0.0,1.4909,2.5,0.0,1.4586,0.0
AFP8,FEP8,FPS8,Reparative Imagination Pathway,34,1.8,0.0,1.6311,1.3899,0.0,1.6187,0.0,1.515,2.5,0.0,1.4782,0.0
AFP8,FEP8,FPS8,Reparative Imagination Pathway,35,1.8,0.0,1.6647,1.4152,0.0,1.6467,0.0,1.5397,2.5,0.0,1.4981,0.0
AFP8,FEP8,FPS8,Reparative Imagination Pathway,36,1.8,0.0,1.6988,1.4409,0.0,1.6752,0.0,1.5648,2.5,0.0,1.5184,0.0
AFP8,FEP8,FPS8,Reparative Imagination Pathway,37,1.8,0.0,1.7336,1.467,0.0,1.7042,0.0,1.5904,2.5,0.0,1.5391,0.0
AFP8,FEP8,FPS8,Reparative Imagination Pathway,38,1.8,0.0,1.769,1.4936,0.0,1.7339,0.0,1.6165,2.5,0.0,1.5601,0.0
AFP8,FEP8,FPS8,Reparative Imagination Pathway,39,1.8,0.0,1.8,1.5066,0.0,1.7639,0.0,1.6429,2.5,0.0,1.5778,0.0
AFP8,FEP8,FPS8,Reparative Imagination Pathway,40,1.8,0.0,1.8,1.5491,0.0,1.8,0.0,1.6847,2.5,0.0,1.597,0.0
